strategy,source,fair_same_substrate,content,network,users,seed,key,U,Rq,Ro,Rb,decoded_completion,B_shared,B_unicast,stall_last,p99_delay_ms,p99_delay_in_contract,duration_s,metric_code
Clustering,FROZEN_LIVE_COMMAND153,True,redandblack,4g,20,153,c148dev_redandblack_4g_u20_CLUSTERING_COMPONENT_s153,0.5891449896368349,0.6099998511493447,0.9493977492103146,0.09469572236900378,0.8714285714285714,138597165,2738952573,0.0,,False,120,command148_canary_metrics.cell_metrics
MD2G-Cast,FROZEN_LIVE_COMMAND153,True,redandblack,4g,20,151,c148can_redandblack_4g_u20_MD2G_COMPONENT_s151,0.4585778657807736,0.3799999904903581,0.9491144938770527,0.044671679884696266,0.7,156910611,3083601264,0.0,,False,120,command148_canary_metrics.cell_metrics
Heuristic,FROZEN_LIVE_COMMAND153,True,redandblack,4g,60,151,c148can_redandblack_4g_u60_HV3_COMPONENT_s151,0.5702588368649626,0.5516666546133335,0.9831902987721005,0.043591537307084656,0.7277777777777777,293626700,17467692972,0.0,,False,120,command148_canary_metrics.cell_metrics
Heuristic,FROZEN_LIVE_COMMAND153,True,redandblack,4g,20,151,c148can_redandblack_4g_u20_HV3_COMPONENT_s151,0.48284793994856173,0.4199999869863178,0.9497099405661528,0.043863582565113794,0.8,259898619,5167991884,0.0,,False,120,command148_canary_metrics.cell_metrics
MD2G-Cast,FROZEN_LIVE_COMMAND153,True,redandblack,4g,20,153,c148dev_redandblack_4g_u20_MD2G_COMPONENT_s153,0.4707075036251964,0.399999988738338,0.949262926005695,0.0440548074615338,0.75,156632856,3087147990,0.0,,False,120,command148_canary_metrics.cell_metrics
Clustering,FROZEN_LIVE_COMMAND153,True,redandblack,4g,60,151,c148can_redandblack_4g_u60_CLUSTERING_COMPONENT_s151,0.6510233599925104,0.6995831966757791,0.9829362475987617,0.09640413275098299,0.9095238095238095,134751004,7896915100,0.0,,False,120,command148_canary_metrics.cell_metrics
Heuristic,FROZEN_LIVE_COMMAND153,True,redandblack,4g,20,153,c148dev_redandblack_4g_u20_HV3_COMPONENT_s153,0.48282410863055786,0.4199999869863178,0.9496532776308132,0.04392801979290755,0.8,264330858,5250209856,0.0,,False,120,command148_canary_metrics.cell_metrics
MD2G-Cast,FROZEN_LIVE_COMMAND153,True,redandblack,4g,60,151,c148can_redandblack_4g_u60_MD2G_COMPONENT_s151,0.7269893437505931,0.8304166395308886,0.9823342590285906,0.11229469816725161,0.8666666666666667,184935906,10468618684,0.0,,False,120,command148_canary_metrics.cell_metrics
Heuristic,FROZEN_LIVE_COMMAND153,True,redandblack,4g,60,152,c148can_redandblack_4g_u60_HV3_COMPONENT_s152,0.5559967265779526,0.5283333210522998,0.9822907499847471,0.04383969033075987,0.7277777777777777,318485178,17984114388,0.0,,False,120,command148_canary_metrics.cell_metrics
Clustering,FROZEN_LIVE_COMMAND153,True,redandblack,4g,60,152,c148can_redandblack_4g_u60_CLUSTERING_COMPONENT_s152,0.6469619117144441,0.693333181726042,0.9818856615359873,0.09672941803451955,0.9047619047619048,200639994,11076308108,0.0,,False,120,command148_canary_metrics.cell_metrics
MD2G-Cast,FROZEN_LIVE_COMMAND153,True,redandblack,4g,60,152,c148can_redandblack_4g_u60_MD2G_COMPONENT_s152,0.7400571404381421,0.8520833072020166,0.9825378907247144,0.11218211042830957,0.9,186830033,10699167555,0.0,,False,120,command148_canary_metrics.cell_metrics
Clustering,FROZEN_LIVE_COMMAND153,True,redandblack,4g,20,152,c148can_redandblack_4g_u20_CLUSTERING_COMPONENT_s152,0.5485457368066495,0.5424998519510338,0.9493160309072437,0.09522121393854432,0.8142857142857143,148707216,2934008892,0.0,,False,120,command148_canary_metrics.cell_metrics
Heuristic,FROZEN_LIVE_COMMAND153,True,redandblack,4g,20,152,c148can_redandblack_4g_u20_HV3_COMPONENT_s152,0.45886051134101236,0.3799999904903581,0.9494707712416605,0.043381171757450744,0.7,260704794,5159484924,0.0,,False,120,command148_canary_metrics.cell_metrics
MD2G-Cast,FROZEN_LIVE_COMMAND153,True,redandblack,4g,20,152,c148can_redandblack_4g_u20_MD2G_COMPONENT_s152,0.4887333961900485,0.4299999861103077,0.9497240600599993,0.04465073660757293,0.825,154222946,3067529840,0.0,,False,120,command148_canary_metrics.cell_metrics
Clustering,FROZEN_LIVE_COMMAND153,True,redandblack,4g,20,151,c148can_redandblack_4g_u20_CLUSTERING_COMPONENT_s151,0.6028048248228745,0.632499850882115,0.9497350517171291,0.0941923242378457,0.8714285714285714,145905435,2902727248,0.0,,False,120,command148_canary_metrics.cell_metrics
MD2G-Cast,FROZEN_LIVE_COMMAND153,True,redandblack,4g,60,153,c148dev_redandblack_4g_u60_MD2G_COMPONENT_s153,0.7448764879159036,0.8583332832418104,0.9821921965536575,0.104476874450647,0.89,182288541,10236441656,0.0,,False,120,command148_canary_metrics.cell_metrics
Heuristic,FROZEN_LIVE_COMMAND153,True,redandblack,4g,60,153,c148dev_redandblack_4g_u60_HV3_COMPONENT_s153,0.5819943449856184,0.5716666528613134,0.9822423982558829,0.04377497530093578,0.7555555555555555,230877435,13001611272,0.0,,False,120,command148_canary_metrics.cell_metrics
Clustering,FROZEN_LIVE_COMMAND153,True,redandblack,4g,60,153,c148dev_redandblack_4g_u60_CLUSTERING_COMPONENT_s153,0.6698146565167539,0.7316665248724873,0.9805450077907382,0.09547673569615363,0.9333333333333333,143708976,7386740352,0.0,,False,120,command148_canary_metrics.cell_metrics
MD2G-Cast,FROZEN_LIVE_COMMAND153,True,redandblack,4g,100,151,c148dev_redandblack_4g_u100_MD2G_COMPONENT_s151,0.7533760430955636,0.8674999628234351,0.9893398451325056,0.09639263921082539,0.89,167986395,15758344704,1.021977994441986,,False,120,command148_canary_metrics.cell_metrics
Heuristic,FROZEN_LIVE_COMMAND153,True,redandblack,4g,100,151,c148dev_redandblack_4g_u100_HV3_COMPONENT_s151,0.496577860394741,0.42599998646071174,0.9898529873093967,0.04323585539356822,0.7688679245283019,107729466,10616865208,0.0,,False,120,command148_canary_metrics.cell_metrics
Clustering,FROZEN_LIVE_COMMAND153,True,redandblack,4g,100,151,c148dev_redandblack_4g_u100_CLUSTERING_COMPONENT_s151,0.6426230616154872,0.68174998889951,0.989808004153557,0.09252621841738629,0.8057142857142857,109712594,10764583861,0.0,,False,120,command148_canary_metrics.cell_metrics
MD2G-Cast,FROZEN_LIVE_COMMAND153,True,redandblack,4g,100,152,c148dev_redandblack_4g_u100_MD2G_COMPONENT_s152,0.7682072394549289,0.8894999744185896,0.9896281994821378,0.08599863377839577,0.912,137693201,13275727851,0.0,,False,120,command148_canary_metrics.cell_metrics
Heuristic,FROZEN_LIVE_COMMAND153,True,redandblack,4g,100,152,c148dev_redandblack_4g_u100_HV3_COMPONENT_s152,0.49769633051828455,0.4279999862855097,0.9896238044603296,0.043397415787357715,0.7663551401869159,110352138,10635125136,0.0,,False,120,command148_canary_metrics.cell_metrics
Clustering,FROZEN_LIVE_COMMAND153,True,redandblack,4g,100,152,c148dev_redandblack_4g_u100_CLUSTERING_COMPONENT_s152,0.6368651052878268,0.6729999918461629,0.9895907520648155,0.09555051890716507,0.7971428571428572,126841402,12185453050,1.0272255396842958,,False,120,command148_canary_metrics.cell_metrics
MD2G-Cast,FROZEN_LIVE_COMMAND153,True,redandblack,4g,100,153,c148dev_redandblack_4g_u100_MD2G_COMPONENT_s153,0.7557486921621411,0.8689999692153074,0.9891715512682799,0.08629451456075576,0.872,140033991,12932045436,0.0,,False,120,command148_canary_metrics.cell_metrics
Heuristic,FROZEN_LIVE_COMMAND153,True,redandblack,4g,100,153,c148dev_redandblack_4g_u100_HV3_COMPONENT_s153,0.4879540937690333,0.41199998768712587,0.9894872025290792,0.04411799650341341,0.7393364928909952,110899840,10549032292,0.0,,False,120,command148_canary_metrics.cell_metrics
Clustering,FROZEN_LIVE_COMMAND153,True,redandblack,4g,100,153,c148dev_redandblack_4g_u100_CLUSTERING_COMPONENT_s153,0.6292901124297113,0.655499991913175,0.9898679744114772,0.07651250880708654,0.78,109960450,10852760787,0.0,,False,120,command148_canary_metrics.cell_metrics
MD2G-Cast,FROZEN_LIVE_COMMAND153,True,redandblack,wifi,20,151,c148dev_redandblack_wifi_u20_MD2G_COMPONENT_s151,0.5308480876214668,0.49999997997823714,0.95,0.04434600243650246,1.0,799199832,15983996640,0.0,,False,120,command148_canary_metrics.cell_metrics
Heuristic,FROZEN_LIVE_COMMAND153,True,redandblack,wifi,20,151,c148dev_redandblack_wifi_u20_HV3_COMPONENT_s151,0.6473581633224073,0.7024999912035136,0.9484507282490486,0.07503008974642009,0.95,809708761,15707472356,0.0,,False,120,command148_canary_metrics.cell_metrics
Clustering,FROZEN_LIVE_COMMAND153,True,redandblack,wifi,20,151,c148dev_redandblack_wifi_u20_CLUSTERING_COMPONENT_s151,0.6782258720440533,0.7587499207162908,0.9478989846003179,0.09332551023867096,0.9142857142857143,1117628657,21451187629,0.0,,False,120,command148_canary_metrics.cell_metrics
MD2G-Cast,FROZEN_LIVE_COMMAND153,True,redandblack,wifi,20,152,c148dev_redandblack_wifi_u20_MD2G_COMPONENT_s152,0.5246061460561223,0.48999998085424723,0.9490441743464757,0.04436590695363336,0.975,799995131,15699777616,0.0,,False,120,command148_canary_metrics.cell_metrics
Heuristic,FROZEN_LIVE_COMMAND153,True,redandblack,wifi,20,152,c148dev_redandblack_wifi_u20_HV3_COMPONENT_s152,0.603116492388299,0.6299999912542706,0.945200593742446,0.07455767199916533,0.9,823929814,15035378488,5.109287393093109,,False,120,command148_canary_metrics.cell_metrics
Clustering,FROZEN_LIVE_COMMAND153,True,redandblack,wifi,20,152,c148dev_redandblack_wifi_u20_CLUSTERING_COMPONENT_s152,0.6496794860056535,0.7124999068927199,0.9449803791524511,0.09377035278727437,0.9428571428571428,1214201108,22068511002,10.268571436405182,,False,120,command148_canary_metrics.cell_metrics
MD2G-Cast,FROZEN_LIVE_COMMAND153,True,redandblack,wifi,20,153,c148dev_redandblack_wifi_u20_MD2G_COMPONENT_s153,0.5308482754601783,0.49999997997823714,0.95,0.044344750178425804,1.0,799802207,15996044140,0.0,,False,120,command148_canary_metrics.cell_metrics
Heuristic,FROZEN_LIVE_COMMAND153,True,redandblack,wifi,20,153,c148dev_redandblack_wifi_u20_HV3_COMPONENT_s153,0.6212220124567682,0.6599999932227635,0.9458322000547218,0.0749068899371356,0.9333333333333333,815339636,15052109128,0.0,,False,120,command148_canary_metrics.cell_metrics
Clustering,FROZEN_LIVE_COMMAND153,True,redandblack,wifi,20,153,c148dev_redandblack_wifi_u20_CLUSTERING_COMPONENT_s153,0.6329872902705703,0.6862499207670478,0.9412085777904172,0.0937653775817508,0.8714285714285714,1225732884,20848838792,5.126710736751557,,False,120,command148_canary_metrics.cell_metrics
MD2G-Cast,FROZEN_LIVE_COMMAND153,True,redandblack,wifi,60,151,c148dev_redandblack_wifi_u60_MD2G_COMPONENT_s151,0.7398860425209809,0.8462499932312052,0.9822770300805879,0.08955473958592684,0.9033333333333333,285713050,16121059354,1.7211372216542562,,False,120,command148_canary_metrics.cell_metrics
Heuristic,FROZEN_LIVE_COMMAND153,True,redandblack,wifi,60,151,c148dev_redandblack_wifi_u60_HV3_COMPONENT_s151,0.5720751594656402,0.5549999861224891,0.9822602332100626,0.0432659367357922,0.7611111111111111,372657709,21006911388,1.7019982139269512,,False,120,command148_canary_metrics.cell_metrics
Clustering,FROZEN_LIVE_COMMAND153,True,redandblack,wifi,60,151,c148dev_redandblack_wifi_u60_CLUSTERING_COMPONENT_s151,0.6998574415334978,0.7808331814440568,0.9827002654704524,0.09545022467032914,0.9714285714285714,342030750,19770866970,0.0,,False,120,command148_canary_metrics.cell_metrics
MD2G-Cast,FROZEN_LIVE_COMMAND153,True,redandblack,wifi,60,152,c148dev_redandblack_wifi_u60_MD2G_COMPONENT_s152,0.7639974401548452,0.8908333108120041,0.9826995073248016,0.1078494877570508,0.91,317808639,18369918416,0.0,,False,120,command148_canary_metrics.cell_metrics
Heuristic,FROZEN_LIVE_COMMAND153,True,redandblack,wifi,60,152,c148dev_redandblack_wifi_u60_HV3_COMPONENT_s152,0.5831577011857183,0.573333318985666,0.9825305194224297,0.04316613374192471,0.7777777777777778,416196832,23824224776,1.702010409037272,,False,120,command148_canary_metrics.cell_metrics
Clustering,FROZEN_LIVE_COMMAND153,True,redandblack,wifi,60,152,c148dev_redandblack_wifi_u60_CLUSTERING_COMPONENT_s152,0.6752854822747151,0.7399998683752388,0.9821447935997425,0.09500424766909196,0.9380952380952381,408310690,22867878469,0.0,,False,120,command148_canary_metrics.cell_metrics
MD2G-Cast,FROZEN_LIVE_COMMAND153,True,redandblack,wifi,60,153,c148dev_redandblack_wifi_u60_MD2G_COMPONENT_s153,0.7539398469330779,0.8749999416961692,0.9825977099822829,0.11139697053462884,0.91,366602096,21066313435,1.7015664935112,,False,120,command148_canary_metrics.cell_metrics
Heuristic,FROZEN_LIVE_COMMAND153,True,redandblack,wifi,60,153,c148dev_redandblack_wifi_u60_HV3_COMPONENT_s153,0.5806241563235774,0.5691666536482469,0.982587837045126,0.04348530084434846,0.75,356873528,20495645999,0.0,,False,120,command148_canary_metrics.cell_metrics
Clustering,FROZEN_LIVE_COMMAND153,True,redandblack,wifi,60,153,c148dev_redandblack_wifi_u60_CLUSTERING_COMPONENT_s153,0.6957775938062075,0.7741665251249614,0.9820017761788714,0.09481843542324836,0.9666666666666667,358594627,19923889744,0.0,,False,120,command148_canary_metrics.cell_metrics
MD2G-Cast,FROZEN_LIVE_COMMAND153,True,redandblack,wifi,100,151,c148dev_redandblack_wifi_u100_MD2G_COMPONENT_s151,0.7723822580225613,0.8962499783494426,0.9896729613579205,0.08523979551056218,0.918,274501581,26580861224,1.0320705628395082,,False,120,command148_canary_metrics.cell_metrics
Heuristic,FROZEN_LIVE_COMMAND153,True,redandblack,wifi,100,151,c148dev_redandblack_wifi_u100_HV3_COMPONENT_s151,0.4950545679856075,0.4239999861603389,0.9887819602832482,0.04360609187605294,0.7688679245283019,162513768,14486824089,2.042387375831604,,False,120,command148_canary_metrics.cell_metrics
Clustering,FROZEN_LIVE_COMMAND153,True,redandblack,wifi,100,151,c148dev_redandblack_wifi_u100_CLUSTERING_COMPONENT_s151,0.6605449838384854,0.711999985535441,0.9897287652793546,0.09391465868411886,0.8257142857142857,257476798,25067755241,0.0,,False,120,command148_canary_metrics.cell_metrics
MD2G-Cast,FROZEN_LIVE_COMMAND153,True,redandblack,wifi,100,152,c148dev_redandblack_wifi_u100_MD2G_COMPONENT_s152,0.7802195490255264,0.9112499541437216,0.9895913282874071,0.09285503688372274,0.914,214138332,20573070024,0.0,,False,120,command148_canary_metrics.cell_metrics
Heuristic,FROZEN_LIVE_COMMAND153,True,redandblack,wifi,100,152,c148dev_redandblack_wifi_u100_HV3_COMPONENT_s152,0.4897719477630452,0.4149999871865354,0.9890881519003287,0.043333883493054434,0.7348837209302326,134781263,12351827277,1.0213541913032531,,False,120,command148_canary_metrics.cell_metrics
Clustering,FROZEN_LIVE_COMMAND153,True,redandblack,wifi,100,152,c148dev_redandblack_wifi_u100_CLUSTERING_COMPONENT_s152,0.6481510984140857,0.6912499832314375,0.9895197809994339,0.09319224516423506,0.8666666666666667,161408573,15401259553,0.0,,False,120,command148_canary_metrics.cell_metrics
MD2G-Cast,FROZEN_LIVE_COMMAND153,True,redandblack,wifi,100,153,c148dev_redandblack_wifi_u100_MD2G_COMPONENT_s153,0.7619141724566124,0.8809999690941845,0.9895845315235491,0.09387961253856969,0.906,250857510,24085091378,0.0,,False,120,command148_canary_metrics.cell_metrics
Heuristic,FROZEN_LIVE_COMMAND153,True,redandblack,wifi,100,153,c148dev_redandblack_wifi_u100_HV3_COMPONENT_s153,0.5062895246359915,0.44249998716281785,0.989355669629253,0.043662567126749645,0.5733333333333334,373199814,35060901062,1.021007673740387,,False,120,command148_canary_metrics.cell_metrics
Clustering,FROZEN_LIVE_COMMAND153,True,redandblack,wifi,100,153,c148dev_redandblack_wifi_u100_CLUSTERING_COMPONENT_s153,0.638494504153555,0.6757499894251161,0.9894553340854759,0.09546215348589127,0.8,221977227,21051138917,0.0,,False,120,command148_canary_metrics.cell_metrics
MD2G-Cast,FROZEN_LIVE_COMMAND153,True,redandblack,fiber_optic,20,151,c148dev_redandblack_fiber_optic_u20_MD2G_COMPONENT_s151,0.5091834507811176,0.46499998185533536,0.9473684210526316,0.04439095730160957,0.95,800595920,15211322480,5.103382301330567,,False,120,command148_canary_metrics.cell_metrics
Heuristic,FROZEN_LIVE_COMMAND153,True,redandblack,fiber_optic,20,151,c148dev_redandblack_fiber_optic_u20_HV3_COMPONENT_s151,0.6625428490828175,0.7274999924210743,0.9490024653590617,0.07471841806395012,0.9833333333333333,824698935,16171349082,0.0,,False,120,command148_canary_metrics.cell_metrics
Clustering,FROZEN_LIVE_COMMAND153,True,redandblack,fiber_optic,20,151,c148dev_redandblack_fiber_optic_u20_CLUSTERING_COMPONENT_s151,0.6949950783516317,0.7874998768174105,0.9465775741401596,0.0943282751590299,0.9571428571428572,1117242408,20913359699,0.0,,False,120,command148_canary_metrics.cell_metrics
MD2G-Cast,FROZEN_LIVE_COMMAND153,True,redandblack,fiber_optic,20,152,c148dev_redandblack_fiber_optic_u20_MD2G_COMPONENT_s152,0.5120831471862486,0.4699999826062674,0.9470181139951888,0.04447580584206043,0.925,799621377,15092353959,0.0,,False,120,command148_canary_metrics.cell_metrics
Heuristic,FROZEN_LIVE_COMMAND153,True,redandblack,fiber_optic,20,152,c148dev_redandblack_fiber_optic_u20_HV3_COMPONENT_s152,0.6044353363746644,0.6324999927390611,0.9448195752056383,0.07513035380121247,0.9166666666666666,815227272,14773849151,5.109253704547882,,False,120,command148_canary_metrics.cell_metrics
Clustering,FROZEN_LIVE_COMMAND153,True,redandblack,fiber_optic,20,152,c148dev_redandblack_fiber_optic_u20_CLUSTERING_COMPONENT_s152,0.6854407768899073,0.7712498920343773,0.9468275531962603,0.09344031086522714,0.9428571428571428,1062746140,19986782702,0.0,,False,120,command148_canary_metrics.cell_metrics
MD2G-Cast,FROZEN_LIVE_COMMAND153,True,redandblack,fiber_optic,20,153,c148dev_redandblack_fiber_optic_u20_MD2G_COMPONENT_s153,0.530803831798093,0.49999997997823714,0.95,0.04464104125899509,1.0,803449788,16068995760,0.0,,False,120,command148_canary_metrics.cell_metrics
Heuristic,FROZEN_LIVE_COMMAND153,True,redandblack,fiber_optic,20,153,c148dev_redandblack_fiber_optic_u20_HV3_COMPONENT_s153,0.6762714041341953,0.7499999921538446,0.95,0.07485727438740984,1.0,818246275,16364925500,0.0,,False,120,command148_canary_metrics.cell_metrics
Clustering,FROZEN_LIVE_COMMAND153,True,redandblack,fiber_optic,20,153,c148dev_redandblack_fiber_optic_u20_CLUSTERING_COMPONENT_s153,0.6444790998333585,0.7049999070348715,0.9421650485527535,0.09374737683835113,0.9,1109603786,19185695816,5.1266916513442995,,False,120,command148_canary_metrics.cell_metrics
MD2G-Cast,FROZEN_LIVE_COMMAND153,True,redandblack,fiber_optic,60,151,c148dev_redandblack_fiber_optic_u60_MD2G_COMPONENT_s151,0.7928800814255318,0.939583318305902,0.983122327192312,0.11100327570724905,0.96,399057693,23644118330,0.0,,False,120,command148_canary_metrics.cell_metrics
Heuristic,FROZEN_LIVE_COMMAND153,True,redandblack,fiber_optic,60,151,c148dev_redandblack_fiber_optic_u60_HV3_COMPONENT_s151,0.5776188736827716,0.5641666529503899,0.982145656282479,0.04278354772054728,0.7611111111111111,511686227,28658921050,0.0,,False,120,command148_canary_metrics.cell_metrics
Clustering,FROZEN_LIVE_COMMAND153,True,redandblack,fiber_optic,60,151,c148dev_redandblack_fiber_optic_u60_CLUSTERING_COMPONENT_s151,0.6773501719562475,0.7433331916530042,0.9821087460314217,0.09451286362273605,0.9428571428571428,366934023,20509128295,0.0,,False,120,command148_canary_metrics.cell_metrics
MD2G-Cast,FROZEN_LIVE_COMMAND153,True,redandblack,fiber_optic,60,152,c148dev_redandblack_fiber_optic_u60_MD2G_COMPONENT_s152,0.7919861064407344,0.9366666463053747,0.983058532531234,0.10519009650199275,0.9533333333333334,335338418,19793941618,0.0,,False,120,command148_canary_metrics.cell_metrics
Heuristic,FROZEN_LIVE_COMMAND153,True,redandblack,fiber_optic,60,152,c148dev_redandblack_fiber_optic_u60_HV3_COMPONENT_s152,0.5729470411631868,0.5566666530394665,0.9815706873659726,0.04297081667990791,0.7555555555555555,227509433,12344976588,0.0,,False,120,command148_canary_metrics.cell_metrics
Clustering,FROZEN_LIVE_COMMAND153,True,redandblack,fiber_optic,60,152,c148dev_redandblack_fiber_optic_u60_CLUSTERING_COMPONENT_s152,0.6669751380932698,0.7262498640176925,0.9814568563872084,0.09425996276098506,0.9380952380952381,343066171,18500971473,1.7053120493888856,,False,120,command148_canary_metrics.cell_metrics
MD2G-Cast,FROZEN_LIVE_COMMAND153,True,redandblack,fiber_optic,60,153,c148dev_redandblack_fiber_optic_u60_MD2G_COMPONENT_s153,0.7836174410539128,0.9241666458409094,0.9829731844025451,0.11083895034179325,0.94,325819870,19135690296,0.0,,False,120,command148_canary_metrics.cell_metrics
Heuristic,FROZEN_LIVE_COMMAND153,True,redandblack,fiber_optic,60,153,c148dev_redandblack_fiber_optic_u60_HV3_COMPONENT_s153,0.5614198241443927,0.5374999863480262,0.9816649154241603,0.04330931013642037,0.7277777777777777,210023809,11454749943,0.0,,False,120,command148_canary_metrics.cell_metrics
Clustering,FROZEN_LIVE_COMMAND153,True,redandblack,fiber_optic,60,153,c148dev_redandblack_fiber_optic_u60_CLUSTERING_COMPONENT_s153,0.6652568301251086,0.7229165204732483,0.9818964345580946,0.09311460532242646,0.9333333333333333,343123842,18953384796,0.0,,False,120,command148_canary_metrics.cell_metrics
MD2G-Cast,FROZEN_LIVE_COMMAND153,True,redandblack,fiber_optic,100,151,c148dev_redandblack_fiber_optic_u100_MD2G_COMPONENT_s151,0.7765091733188615,0.9042499658349834,0.9896255049556469,0.08964788280693511,0.914,278991388,26892045040,0.0,,False,120,command148_canary_metrics.cell_metrics
Heuristic,FROZEN_LIVE_COMMAND153,True,redandblack,fiber_optic,100,151,c148dev_redandblack_fiber_optic_u100_HV3_COMPONENT_s151,0.4915308098655356,0.4179999871615198,0.9889191428856156,0.043326454351867445,0.53,140208796,12653244650,0.0,,False,120,command148_canary_metrics.cell_metrics
Clustering,FROZEN_LIVE_COMMAND153,True,redandblack,fiber_optic,100,151,c148dev_redandblack_fiber_optic_u100_CLUSTERING_COMPONENT_s151,0.6416178095625782,0.6804999922114311,0.9896739031982603,0.09400441042563626,0.8028571428571428,264520712,25616718212,1.0216691279411316,,False,120,command148_canary_metrics.cell_metrics
MD2G-Cast,FROZEN_LIVE_COMMAND153,True,redandblack,fiber_optic,100,152,c148dev_redandblack_fiber_optic_u100_MD2G_COMPONENT_s152,0.7943231879153336,0.9312499608460253,0.9896747701294489,0.07896987416429228,0.934,281465544,27259978473,0.0,,False,120,command148_canary_metrics.cell_metrics
Heuristic,FROZEN_LIVE_COMMAND153,True,redandblack,fiber_optic,100,152,c148dev_redandblack_fiber_optic_u100_HV3_COMPONENT_s152,0.5104914098501233,0.4499999870843563,0.9880752187358407,0.04351591389633789,0.58,149424337,12530572569,0.0,,False,120,command148_canary_metrics.cell_metrics
Clustering,FROZEN_LIVE_COMMAND153,True,redandblack,fiber_optic,100,152,c148dev_redandblack_fiber_optic_u100_CLUSTERING_COMPONENT_s152,0.6243564221899476,0.6512499898675478,0.9893687179647724,0.09157167481182747,0.7885714285714286,257720399,24241704636,0.0,,False,120,command148_canary_metrics.cell_metrics
MD2G-Cast,FROZEN_LIVE_COMMAND153,True,redandblack,fiber_optic,100,153,c148dev_redandblack_fiber_optic_u100_MD2G_COMPONENT_s153,0.7322089979426675,0.8259999627538269,0.9894220208400649,0.07164323279763313,0.87,224544715,21227562619,1.0333768701553345,,False,120,command148_canary_metrics.cell_metrics
Heuristic,FROZEN_LIVE_COMMAND153,True,redandblack,fiber_optic,100,153,c148dev_redandblack_fiber_optic_u100_HV3_COMPONENT_s153,0.4969623726300828,0.4269999861353233,0.9893817474563109,0.043887039434592025,0.7735849056603774,342148138,32222640834,1.0209640836715699,,False,120,command148_canary_metrics.cell_metrics
Clustering,FROZEN_LIVE_COMMAND153,True,redandblack,fiber_optic,100,153,c148dev_redandblack_fiber_optic_u100_CLUSTERING_COMPONENT_s153,0.6456256726012695,0.6867499832848835,0.9897388730868872,0.09239357094254941,0.8114285714285714,413608062,40308249328,0.0,,False,120,command148_canary_metrics.cell_metrics
MCG,LIVE_MININET_MOQ,True,redandblack,4g,20,151,c148mcg_redandblack_4g_u20_MCG_COMPONENT_s151,0.44892422026482476,0.3724999950698075,0.9468406948142366,0.07523966987079285,0.9642857142857143,115600776,2174610364,5.103200769424438,,False,120,command148_canary_metrics.cell_metrics
MCG,LIVE_MININET_MOQ,True,redandblack,4g,20,152,c148mcg_redandblack_4g_u20_MCG_COMPONENT_s152,0.47193996418323575,0.40999999467749976,0.9493903744132978,0.07605084151059027,1.0,154569962,3054161342,0.0,,False,120,command148_canary_metrics.cell_metrics
MCG,LIVE_MININET_MOQ,True,redandblack,4g,20,153,c148mcg_redandblack_4g_u20_MCG_COMPONENT_s153,0.48179482347128777,0.42749999365933805,0.946465726261753,0.07547736193168847,0.9696969696969697,156435287,2922152036,5.103240954875946,,False,120,command148_canary_metrics.cell_metrics
MCG,LIVE_MININET_MOQ,True,redandblack,4g,60,151,c148mcg_redandblack_4g_u60_MCG_COMPONENT_s151,0.5433617591082528,0.5220833150735026,0.9818627766423664,0.1023594939762687,0.9841269841269841,193638869,10676323778,3.406277612845103,,False,120,command148_canary_metrics.cell_metrics
MCG,LIVE_MININET_MOQ,True,redandblack,4g,60,152,c148mcg_redandblack_4g_u60_MCG_COMPONENT_s152,0.550373550206819,0.5324999885892853,0.9825011088721839,0.09834480109865398,0.9921259842519685,255788003,14617383532,1.70317546526591,,False,120,command148_canary_metrics.cell_metrics
MCG,LIVE_MININET_MOQ,True,redandblack,4g,60,153,c148mcg_redandblack_4g_u60_MCG_COMPONENT_s153,0.5580445225759226,0.5462499666674114,0.9817468209741724,0.10094775112044928,0.9924242424242424,157742393,8641913432,1.703317137559255,,False,120,command148_canary_metrics.cell_metrics
MCG,LIVE_MININET_MOQ,True,redandblack,4g,100,151,c148mcg_redandblack_4g_u100_MCG_COMPONENT_s151,0.4515488534256901,0.36449999531543636,0.9890012640798552,0.09600973189023693,0.9924242424242424,98792645,8982181745,1.0214326620101928,,False,120,command148_canary_metrics.cell_metrics
MCG,LIVE_MININET_MOQ,True,redandblack,4g,100,152,c148mcg_redandblack_4g_u100_MCG_COMPONENT_s152,0.4547137143773837,0.36999999581261206,0.9880950937902103,0.09540037705157413,0.9925925925925926,117717086,9888115364,1.0217729449272155,,False,120,command148_canary_metrics.cell_metrics
MCG,LIVE_MININET_MOQ,True,redandblack,4g,100,153,c148mcg_redandblack_4g_u100_MCG_COMPONENT_s153,0.44392189360919027,0.3479999951003545,0.9892688212916826,0.0813020584929538,0.9919354838709677,114849151,10702379871,1.0211418056488037,,False,120,command148_canary_metrics.cell_metrics
MCG,LIVE_MININET_MOQ,True,redandblack,wifi,20,151,c148mcg_redandblack_wifi_u20_MCG_COMPONENT_s151,0.6444725956076833,0.7124999894616131,0.9353644696749097,0.11245676992007962,1.0,1130711935,17493659127,0.0,,False,120,command148_canary_metrics.cell_metrics
MCG,LIVE_MININET_MOQ,True,redandblack,wifi,20,152,c148mcg_redandblack_wifi_u20_MCG_COMPONENT_s152,0.6665544589044907,0.7499999637829641,0.933807264215906,0.11264890279509479,0.9852941176470589,1458965498,22041172354,5.103860449790955,,False,120,command148_canary_metrics.cell_metrics
MCG,LIVE_MININET_MOQ,True,redandblack,wifi,20,153,c148mcg_redandblack_wifi_u20_MCG_COMPONENT_s153,0.6463803548606436,0.7187499484815567,0.9279837777168698,0.11243705771671855,0.9838709677419355,794875777,11037454504,5.1053546667099,,False,120,command148_canary_metrics.cell_metrics
MCG,LIVE_MININET_MOQ,True,redandblack,wifi,60,151,c148mcg_redandblack_wifi_u60_MCG_COMPONENT_s151,0.6062322855147968,0.6245833176777128,0.9824963546359402,0.09427862500543924,1.0,304910492,17419828022,0.0,,False,120,command148_canary_metrics.cell_metrics
MCG,LIVE_MININET_MOQ,True,redandblack,wifi,60,152,c148mcg_redandblack_wifi_u60_MCG_COMPONENT_s152,0.5813545669355368,0.5829166535252261,0.9823610652401759,0.09323794326428624,1.0,291769561,16541223434,0.0,,False,120,command148_canary_metrics.cell_metrics
MCG,LIVE_MININET_MOQ,True,redandblack,wifi,60,153,c148mcg_redandblack_wifi_u60_MCG_COMPONENT_s153,0.6034705799481054,0.6254166317623745,0.9794693092003502,0.1109781760627129,1.0,260057700,12666777876,0.0,,False,120,command148_canary_metrics.cell_metrics
MCG,LIVE_MININET_MOQ,True,redandblack,wifi,100,151,c148mcg_redandblack_wifi_u100_MCG_COMPONENT_s151,0.4708715159695419,0.4019999953350133,0.9863543562333531,0.11278046859869556,1.0,190232007,13940859827,0.0,,False,120,command148_canary_metrics.cell_metrics
MCG,LIVE_MININET_MOQ,True,redandblack,wifi,100,152,c148mcg_redandblack_wifi_u100_MCG_COMPONENT_s152,0.46598097995390947,0.38924999273063693,0.9860684003027612,0.09390743840108653,0.9930555555555556,170017248,12203713263,1.0214987325668334,,False,120,command148_canary_metrics.cell_metrics
MCG,LIVE_MININET_MOQ,True,redandblack,wifi,100,153,c148mcg_redandblack_wifi_u100_MCG_COMPONENT_s153,0.4570342813001367,0.3737499927090361,0.9877741485202548,0.0943950097023246,1.0,145155236,11872811987,0.0,,False,120,command148_canary_metrics.cell_metrics
MCG,LIVE_MININET_MOQ,True,redandblack,fiber_optic,20,151,c148mcg_redandblack_fiber_optic_u20_MCG_COMPONENT_s151,0.683363788006649,0.7712498920343773,0.9387790952597096,0.09387280685936539,1.0,751717896,12278777963,0.0,,False,120,command148_canary_metrics.cell_metrics
MCG,LIVE_MININET_MOQ,True,redandblack,fiber_optic,20,152,c148mcg_redandblack_fiber_optic_u20_MCG_COMPONENT_s152,0.6705648377488114,0.7487498066481746,0.9418272714427718,0.09427909400524237,0.9850746268656716,1312741738,22566274104,5.103076839447022,,False,120,command148_canary_metrics.cell_metrics
MCG,LIVE_MININET_MOQ,True,redandblack,fiber_optic,20,153,c148mcg_redandblack_fiber_optic_u20_MCG_COMPONENT_s153,0.7208211920024581,0.8312498057214074,0.9446974559843783,0.094020369509873,1.0,739997604,13380896253,0.0,,False,120,command148_canary_metrics.cell_metrics
MCG,LIVE_MININET_MOQ,True,redandblack,fiber_optic,60,151,c148mcg_redandblack_fiber_optic_u60_MCG_COMPONENT_s151,0.631324476514831,0.6699999915530205,0.9804605974857509,0.10527111858945962,1.0,353889274,18111570901,0.0,,False,120,command148_canary_metrics.cell_metrics
MCG,LIVE_MININET_MOQ,True,redandblack,fiber_optic,60,152,c148mcg_redandblack_fiber_optic_u60_MCG_COMPONENT_s152,0.5704489298366957,0.5691666265571195,0.9813599992506399,0.10927363940157242,1.0,288877162,15497701201,0.0,,False,120,command148_canary_metrics.cell_metrics
MCG,LIVE_MININET_MOQ,True,redandblack,fiber_optic,60,153,c148mcg_redandblack_fiber_optic_u60_MCG_COMPONENT_s153,0.6518781525631322,0.7033332761417965,0.9813505254063275,0.10306296315685004,1.0,207416655,11121849785,0.0,,False,120,command148_canary_metrics.cell_metrics
MCG,LIVE_MININET_MOQ,True,redandblack,fiber_optic,100,151,c148mcg_redandblack_fiber_optic_u100_MCG_COMPONENT_s151,0.4741933605596663,0.4079999960425581,0.9846845199097565,0.11185178028871764,1.0,210943118,13773196580,0.0,,False,120,command148_canary_metrics.cell_metrics
MCG,LIVE_MININET_MOQ,True,redandblack,fiber_optic,100,152,c148mcg_redandblack_fiber_optic_u100_MCG_COMPONENT_s152,0.4705346523079971,0.3974999964917265,0.9827282065239044,0.09098264812009887,1.0,172703374,9999156963,0.0,,False,120,command148_canary_metrics.cell_metrics
MCG,LIVE_MININET_MOQ,True,redandblack,fiber_optic,100,153,c148mcg_redandblack_fiber_optic_u100_MCG_COMPONENT_s153,0.47506520753037024,0.40874999296399767,0.9857966818363166,0.11089305804738352,1.0,193205441,13602838349,0.0,,False,120,command148_canary_metrics.cell_metrics
Rolling,CAST_HANDBOOK_NOT_SAME_SUBSTRATE,False,redandblack,4g,20,handbook_mean,,0.02,,,,,,,,,False,,MM26 command82 handbook
Rolling,CAST_HANDBOOK_NOT_SAME_SUBSTRATE,False,redandblack,4g,60,handbook_mean,,0.0,,,,,,,,,False,,MM26 command82 handbook
Rolling,CAST_HANDBOOK_NOT_SAME_SUBSTRATE,False,redandblack,4g,100,handbook_mean,,0.0,,,,,,,,,False,,MM26 command82 handbook
Rolling,CAST_HANDBOOK_NOT_SAME_SUBSTRATE,False,redandblack,wifi,20,handbook_mean,,0.001,,,,,,,,,False,,MM26 command82 handbook
Rolling,CAST_HANDBOOK_NOT_SAME_SUBSTRATE,False,redandblack,wifi,60,handbook_mean,,0.044,,,,,,,,,False,,MM26 command82 handbook
Rolling,CAST_HANDBOOK_NOT_SAME_SUBSTRATE,False,redandblack,wifi,100,handbook_mean,,0.02,,,,,,,,,False,,MM26 command82 handbook
Rolling,CAST_HANDBOOK_NOT_SAME_SUBSTRATE,False,redandblack,fiber_optic,20,handbook_mean,,0.0,,,,,,,,,False,,MM26 command82 handbook
Rolling,CAST_HANDBOOK_NOT_SAME_SUBSTRATE,False,redandblack,fiber_optic,60,handbook_mean,,0.038,,,,,,,,,False,,MM26 command82 handbook
Rolling,CAST_HANDBOOK_NOT_SAME_SUBSTRATE,False,redandblack,fiber_optic,100,handbook_mean,,0.04,,,,,,,,,False,,MM26 command82 handbook
