block,content,network,users,seed,MD2G_U,MD2G_Rq,MD2G_Ro,MD2G_Rb,MD2G_weak_user_Rq,strongest_same,strongest_same_U,delta_U,unicast_U
longdress_4g_u100_s151,longdress,4g,100,151,0.759503642481833,0.8789999645568339,0.9891452128701568,0.1012175964653774,0.3000000072119473,CLUSTERING_COMPONENT,0.6624170907814085,0.09708655170042446,0.11470139298363702
longdress_4g_u100_s152,longdress,4g,100,152,0.7143027868368026,0.8039999271217336,0.9879797768313923,0.10061409096057036,0.3000000072119473,CLUSTERING_COMPONENT,0.6468190984625783,0.06748368837422425,0.11169550831394946
longdress_4g_u100_s153,longdress,4g,100,153,0.7667091670167168,0.8879999836814367,0.9891382249968922,0.0891691962757888,0.3000000072119473,CLUSTERING_COMPONENT,0.6682729869927244,0.09843618002399235,0.11601765738801664
longdress_4g_u20_s151,longdress,4g,20,151,0.42114221299015075,0.3200000026345243,0.9495283531911681,0.05493251258903899,0.3000000072119473,CLUSTERING_COMPONENT,0.5056082591827948,-0.08446604619264408,0.2758238395930284
longdress_4g_u20_s152,longdress,4g,20,152,0.4094518185856579,0.3000000072119473,0.95,0.05365457161006991,0.3000000072119473,CLUSTERING_COMPONENT,0.4980874406235171,-0.08863562203785924,0.24312809711718397
longdress_4g_u20_s153,longdress,4g,20,153,0.42111296533044373,0.3200000026345243,0.9492658563823587,0.05469000230573683,0.3000000072119473,RULE_COMPONENT,0.5207408082912031,-0.09962784296075933,0.21721156528060565
longdress_4g_u60_s151,longdress,4g,60,151,0.7481173636298473,0.8662499699654591,0.9821967816002984,0.11454542499668516,0.3000000072119473,CLUSTERING_COMPONENT,0.6696680020994324,0.07844936153041482,0.13539940118824517
longdress_4g_u60_s152,longdress,4g,60,152,0.7367732794815844,0.8491666370525519,0.9821075472403982,0.1216905970669749,0.3000000072119473,CLUSTERING_COMPONENT,0.6664336986081913,0.07033958087339309,0.1248535244259483
longdress_4g_u60_s153,longdress,4g,60,153,0.7051424003373464,0.7979166537056348,0.9809045400746293,0.12555817936461197,0.3000000072119473,CLUSTERING_COMPONENT,0.6553762418136295,0.04976615852371691,0.14490402560805707
longdress_5g_dominant_u100_s151,longdress,5g_dominant,100,151,0.7792398046780802,0.9069999888346227,0.9896308681734719,0.08245270444040947,0.3000000072119473,CLUSTERING_COMPONENT,0.6411920767198211,0.13804772795825904,0.1035552711711374
longdress_5g_dominant_u100_s152,longdress,5g_dominant,100,152,0.7356679741832965,0.8354999373738136,0.989070382337073,0.08599722550173217,0.0,CLUSTERING_COMPONENT,0.6669879921342298,0.06867998204906678,0.10723360320578337
longdress_5g_dominant_u100_s153,longdress,5g_dominant,100,153,0.7709279483521817,0.8934999708264075,0.9895668482131532,0.08375830797967426,0.0,CLUSTERING_COMPONENT,0.6553551721240818,0.11557277622809992,0.10957290926087594
longdress_5g_dominant_u20_s151,longdress,5g_dominant,20,151,0.48279925096381043,0.4249999748093891,0.9428877696088184,0.05281784216018388,0.0,RULE_COMPONENT,0.6481484580284633,-0.1653492070646529,0.36052854810788065
longdress_5g_dominant_u20_s152,longdress,5g_dominant,20,152,0.49494810488894536,0.44499997023196614,0.9440813672732691,0.05381479379034411,0.0,RULE_COMPONENT,0.656604254063707,-0.16165614917476168,0.34029966557593483
longdress_5g_dominant_u20_s153,longdress,5g_dominant,20,153,0.4854790507077687,0.429999977458698,0.9424635880343595,0.05424555184026619,0.3000000072119473,RULE_COMPONENT,0.6443164378068078,-0.1588373870990391,0.32498632513131115
longdress_5g_dominant_u60_s151,longdress,5g_dominant,60,151,0.7556683223068897,0.8774999749299504,0.9822721399408456,0.10933131757527942,0.0,CLUSTERING_COMPONENT,0.6718435657984134,0.08382475650847632,0.1359449216100161
longdress_5g_dominant_u60_s152,longdress,5g_dominant,60,152,0.7572550006141898,0.8804166484570888,0.9824791843814932,0.11076523036957793,0.0,RULE_COMPONENT,0.6724614437198924,0.08479355689429746,0.16178735855704002
longdress_5g_dominant_u60_s153,longdress,5g_dominant,60,153,0.7236082476527064,0.82416666043071,0.9814813891725986,0.10841397265912892,0.0,RULE_COMPONENT,0.6759500305894693,0.04765821706323703,0.1480540330686697
longdress_5g_u100_s151,longdress,5g,100,151,0.7762995580764385,0.9049999849763406,0.9896682532218967,0.09411664143226728,0.4999999614377176,CLUSTERING_COMPONENT,0.6559270572777678,0.12037250079867068,0.10908712168568419
longdress_5g_u100_s152,longdress,5g,100,152,0.7627409820928384,0.882499955549649,0.989574600099123,0.09435094174487839,0.0,CLUSTERING_COMPONENT,0.6404251226466636,0.12231585944617474,0.11278932279984526
longdress_5g_u100_s153,longdress,5g,100,153,0.7720848898042874,0.8972499827868523,0.9896005094204608,0.09110151481959437,0.0,RULE_COMPONENT,0.6422503924511861,0.12983449735310126,0.10754373762917772
longdress_5g_u20_s151,longdress,5g,20,151,0.48577191830419625,0.4299999698713688,0.9432645356921907,0.053627983611151286,0.0,RULE_COMPONENT,0.699468841282548,-0.2136969229783518,0.3286406276460037
longdress_5g_u20_s152,longdress,5g,20,152,0.4984619454124451,0.4499999652939458,0.9466836249304134,0.054726266643504565,0.0,CLUSTERING_COMPONENT,0.7035939736269768,-0.20513202821453175,0.362277031688029
longdress_5g_u20_s153,longdress,5g,20,153,0.5294431304780174,0.4999999614377176,0.95,0.053712309230754506,0.4999999614377176,RULE_COMPONENT,0.7018653407665143,-0.1724222102884969,0.32644011065186707
longdress_5g_u60_s151,longdress,5g,60,151,0.7557001121518634,0.8783332922909398,0.9821626708668358,0.1122702062627301,0.0,RULE_COMPONENT,0.6865605772255807,0.06913953492628266,0.1412076664948531
longdress_5g_u60_s152,longdress,5g,60,152,0.7831975451233154,0.9245833274538277,0.9828244568705031,0.1150571037773801,0.0,RULE_COMPONENT,0.6779069688725806,0.10529057625073479,0.13941507345808807
longdress_5g_u60_s153,longdress,5g,60,153,0.7490947442401259,0.8687499803674171,0.9817539347737806,0.1172915178251297,0.0,CLUSTERING_COMPONENT,0.6753986467607952,0.0736960974793307,0.13862677034675355
longdress_default_mix_u100_s151,longdress,default_mix,100,151,0.7446550967294875,0.8479999624307806,0.9894718094354752,0.07675222058566397,0.0,CLUSTERING_COMPONENT,0.6364530042199515,0.10820209250953594,0.10693750375204357
longdress_default_mix_u100_s152,longdress,default_mix,100,152,0.7598003113134729,0.8759999595671671,0.9895465167527924,0.08790862410016931,0.4249997507446209,RULE_COMPONENT,0.6518174062702239,0.10798290504324903,0.11202145944906305
longdress_default_mix_u100_s153,longdress,default_mix,100,153,0.7591803660140568,0.8749999844664935,0.9894350497311443,0.08785591399083563,0.3000000072119473,CLUSTERING_COMPONENT,0.6453561140830859,0.1138242519309709,0.11717800364046857
longdress_default_mix_u20_s151,longdress,default_mix,20,151,0.4917405512246418,0.4399999751699865,0.9436693151855795,0.05451175115830004,0.3000000072119473,RULE_COMPONENT,0.6315490938280557,-0.1398085426034139,0.369185776086328
longdress_default_mix_u20_s152,longdress,default_mix,20,152,0.4762320958120853,0.4149999770981006,0.9416087128981836,0.054467124475472965,0.0,CLUSTERING_COMPONENT,0.6305448097944902,-0.15431271398240493,0.37134723053920515
longdress_default_mix_u20_s153,longdress,default_mix,20,153,0.4919619663353781,0.4399999751699865,0.9437842962751356,0.053227285569318376,0.3000000072119473,RULE_COMPONENT,0.6097071334462856,-0.11774516711090749,0.36174579310753097
longdress_default_mix_u60_s151,longdress,default_mix,60,151,0.761148660647886,0.8895833224471263,0.9826248039711963,0.12171689208792551,0.0,CLUSTERING_COMPONENT,0.6680529142631088,0.09309574638477724,0.14217738464840673
longdress_default_mix_u60_s152,longdress,default_mix,60,152,0.7623406920424934,0.8891666308242638,0.9821999557520625,0.11139516926720362,0.3000000072119473,RULE_COMPONENT,0.6560310946453435,0.10630959739714996,0.14156822318083884
longdress_default_mix_u60_s153,longdress,default_mix,60,153,0.7379375797914435,0.8499999795323686,0.982349752286937,0.11766563999807926,0.0,RULE_COMPONENT,0.6696378108636568,0.06829976892778666,0.13840902230807023
longdress_fiber_optic_u100_s151,longdress,fiber_optic,100,151,0.7895466984889957,0.9177499907868769,0.9896585714975527,0.05678625905012434,0.3000000072119473,CLUSTERING_COMPONENT,0.6602554989337265,0.12929119955526924,0.14490536423527164
longdress_fiber_optic_u100_s152,longdress,fiber_optic,100,152,0.7979423071017099,0.9397499857037565,0.9897038673757523,0.08889100776321376,0.3000000072119473,CLUSTERING_COMPONENT,0.6688481219312808,0.12909418517042903,0.14975603375482258
longdress_fiber_optic_u100_s153,longdress,fiber_optic,100,153,0.7734032457164135,0.8912499599239573,0.9893459038673191,0.057888041365270156,0.0,RULE_COMPONENT,0.6474200010198186,0.12598324469659494,0.10690175806644851
longdress_fiber_optic_u20_s151,longdress,fiber_optic,20,151,0.5230910313984808,0.48999996372642907,0.9490445642457025,0.05446725265868167,0.3000000072119473,RULE_COMPONENT,0.7032710830626496,-0.18018005166416884,0.3585848666995075
longdress_fiber_optic_u20_s152,longdress,fiber_optic,20,152,0.5295168653598209,0.4999999614377176,0.95,0.05322074335206391,0.4999999614377176,RULE_COMPONENT,0.7272132941878616,-0.19769642882804073,0.3184506437758802
longdress_fiber_optic_u20_s153,longdress,fiber_optic,20,153,0.5231789846029068,0.48999996372642907,0.9490455524258585,0.05388254492943502,0.3000000072119473,RULE_COMPONENT,0.7342647804038284,-0.21108579580092157,0.34725351871126237
longdress_fiber_optic_u60_s151,longdress,fiber_optic,60,151,0.7691632933112414,0.9016666343782478,0.9829110065217801,0.11709625964101462,0.3000000072119473,RULE_COMPONENT,0.6881154732579196,0.0810478200533219,0.1334412725711961
longdress_fiber_optic_u60_s152,longdress,fiber_optic,60,152,0.7913186472036196,0.9283333156886934,0.9830589728514998,0.07630723614980957,0.4999999614377176,CLUSTERING_COMPONENT,0.7028887205868171,0.08842992661680249,0.1261711619893121
longdress_fiber_optic_u60_s153,longdress,fiber_optic,60,153,0.788997442118586,0.9374999793989486,0.9829711648551567,0.1283022448971483,0.4249997507446209,RULE_COMPONENT,0.6928066326266296,0.09619080949195646,0.12312964068362434
longdress_wifi_dominant_u100_s151,longdress,wifi_dominant,100,151,0.709398801987458,0.7907498807974934,0.9893232733162488,0.08254629880066845,0.3000000072119473,CLUSTERING_COMPONENT,0.6584982536614198,0.050900548326038186,0.10388748540574322
longdress_wifi_dominant_u100_s152,longdress,wifi_dominant,100,152,0.7704970200553642,0.8929999717885766,0.9894524571149781,0.08444051531017421,0.4249997507446209,RULE_COMPONENT,0.6506152499538368,0.11988177010152745,0.12309782096244096
longdress_wifi_dominant_u100_s153,longdress,wifi_dominant,100,153,0.7594590267938762,0.8744999932994454,0.9894313423295673,0.08399203178788524,0.0,CLUSTERING_COMPONENT,0.6642071860875814,0.09525184070629478,0.11106388225100591
longdress_wifi_dominant_u20_s151,longdress,wifi_dominant,20,151,0.4666953635475226,0.39999997673750326,0.9393941553428671,0.05435440887130741,0.0,CLUSTERING_COMPONENT,0.631498170723845,-0.16480280717632234,0.3521620234028362
longdress_wifi_dominant_u20_s152,longdress,wifi_dominant,20,152,0.48249048162401487,0.4249999748093891,0.9428601940333281,0.054830345133004076,0.0,RULE_COMPONENT,0.597671691250188,-0.11518120962617318,0.3590608179315925
longdress_wifi_dominant_u20_s153,longdress,wifi_dominant,20,153,0.49177946470679873,0.4399999751699865,0.9436976020081063,0.05429947264813158,0.3000000072119473,RULE_COMPONENT,0.6286765500044526,-0.13689708529765382,0.3506442489577188
longdress_wifi_dominant_u60_s151,longdress,wifi_dominant,60,151,0.7631947752075028,0.890833326766714,0.982713721803545,0.11322434202274526,0.3000000072119473,CLUSTERING_COMPONENT,0.678843745843123,0.08435102936437977,0.13034509698913188
longdress_wifi_dominant_u60_s152,longdress,wifi_dominant,60,152,0.763226147179731,0.8929166579190373,0.9825141848761225,0.12101595860481287,0.3000000072119473,CLUSTERING_COMPONENT,0.6625744314147739,0.10065171576495713,0.12292257439606058
longdress_wifi_dominant_u60_s153,longdress,wifi_dominant,60,153,0.7473514678802905,0.861666649457691,0.9823452938757724,0.10156563508844821,0.0,CLUSTERING_COMPONENT,0.6770261868012488,0.07032528107904168,0.1471918961599447
longdress_wifi_u100_s151,longdress,wifi,100,151,0.7654981631682027,0.8824999808241603,0.9895511593907018,0.07593076782645827,0.0,CLUSTERING_COMPONENT,0.646981444383289,0.11851671878491377,0.10752219686367913
longdress_wifi_u100_s152,longdress,wifi,100,152,0.7538102066565974,0.8629999866651248,0.9893805237242401,0.07556610849025051,0.3000000072119473,CLUSTERING_COMPONENT,0.6536276438407749,0.1001825628158225,0.10438203472206652
longdress_wifi_u100_s153,longdress,wifi,100,153,0.7630874443211606,0.8792499664808228,0.9896068244800237,0.07909494458225921,0.4249997507446209,CLUSTERING_COMPONENT,0.6496168841903871,0.1134705601307735,0.15089666577494693
longdress_wifi_u20_s151,longdress,wifi,20,151,0.5077127564354403,0.46499996565454316,0.9473684210526316,0.054195521469623156,0.0,RULE_COMPONENT,0.7236533511893287,-0.21594059475388838,0.2888722485787242
longdress_wifi_u20_s152,longdress,wifi,20,152,0.5294484946891522,0.4999999614377176,0.95,0.05367654782318865,0.4999999614377176,RULE_COMPONENT,0.6889901638631359,-0.1595416691739837,0.3738860619637381
longdress_wifi_u20_s153,longdress,wifi,20,153,0.5230577527281249,0.48999996372642907,0.9490442418886963,0.05468857319937752,0.3000000072119473,RULE_COMPONENT,0.6817436388099807,-0.15868588608185574,0.38735009209632093
longdress_wifi_u60_s151,longdress,wifi,60,151,0.7782870873063876,0.9137499876255188,0.9829576513161756,0.10468212065311713,0.3000000072119473,RULE_COMPONENT,0.6771770234154134,0.10111006389097421,0.1497235401467435
longdress_wifi_u60_s152,longdress,wifi,60,152,0.7519576955567897,0.8695833107222254,0.9826475069446015,0.10302778408463913,0.3000000072119473,RULE_COMPONENT,0.6667647365310745,0.08519295902571522,0.14497992595286435
longdress_wifi_u60_s153,longdress,wifi,60,153,0.7407518433207932,0.8549999065266667,0.9817369121264654,0.11788219084548793,0.0,CLUSTERING_COMPONENT,0.695812077398163,0.04493976592263027,0.1423865815239379
redandblack_4g_u100_s151,redandblack,4g,100,151,0.7533760430955636,0.8674999628234351,0.9893398451325056,0.09639263921082539,0.0,CLUSTERING_COMPONENT,0.6426230616154872,0.1107529814800764,0.12056708816029016
redandblack_4g_u100_s152,redandblack,4g,100,152,0.7682072394549289,0.8894999744185896,0.9896281994821378,0.08599863377839577,0.42499971067930387,CLUSTERING_COMPONENT,0.6368651052878268,0.13134213416710205,0.11114062151905767
redandblack_4g_u100_s153,redandblack,4g,100,153,0.7557486921621411,0.8689999692153074,0.9891715512682799,0.08629451456075576,0.29999999749843875,CLUSTERING_COMPONENT,0.6292901124297113,0.1264585797324298,0.14476952942413268
redandblack_4g_u20_s151,redandblack,4g,20,151,0.4585778657807736,0.3799999904903581,0.9491144938770527,0.044671679884696266,0.29999999749843875,RULE_COMPONENT,0.6085669961905077,-0.1499891304097341,0.34837467335971145
redandblack_4g_u20_s152,redandblack,4g,20,152,0.4887333961900485,0.4299999861103077,0.9497240600599993,0.04465073660757293,0.29999999749843875,CLUSTERING_COMPONENT,0.5485457368066495,-0.05981234061660101,0.3780686223195198
redandblack_4g_u20_s153,redandblack,4g,20,153,0.4707075036251964,0.399999988738338,0.949262926005695,0.0440548074615338,0.29999999749843875,CLUSTERING_COMPONENT,0.5891449896368349,-0.1184374860116385,0.3378007283595426
redandblack_4g_u60_s151,redandblack,4g,60,151,0.7269893437505931,0.8304166395308886,0.9823342590285906,0.11229469816725161,0.29999999749843875,RULE_COMPONENT,0.6602470267092484,0.0667423170413447,0.14618576359238206
redandblack_4g_u60_s152,redandblack,4g,60,152,0.7400571404381421,0.8520833072020166,0.9825378907247144,0.11218211042830957,0.29999999749843875,CLUSTERING_COMPONENT,0.6469619117144441,0.09309522872369802,0.14470670298990246
redandblack_4g_u60_s153,redandblack,4g,60,153,0.7448764879159036,0.8583332832418104,0.9821921965536575,0.104476874450647,0.29999999749843875,CLUSTERING_COMPONENT,0.6698146565167539,0.07506183139914968,0.12906271162229266
redandblack_5g_dominant_u100_s151,redandblack,5g_dominant,100,151,0.809654960645662,0.9552499728828858,0.989773420715246,0.0729225217525392,0.5500000053445943,CLUSTERING_COMPONENT,0.6706586929696347,0.13899626767602735,0.14579016653774027
redandblack_5g_dominant_u100_s152,redandblack,5g_dominant,100,152,0.7679202010604318,0.8842499659209075,0.9893892770163321,0.06651398497463776,0.42499971067930387,CLUSTERING_COMPONENT,0.6650173044422675,0.10290289661816432,0.14602796261414766
redandblack_5g_dominant_u100_s153,redandblack,5g_dominant,100,153,0.7903965933828716,0.9227499438053426,0.9894524039819879,0.07077649263887223,0.5500000053445943,CLUSTERING_COMPONENT,0.651801635750915,0.13859495763195662,0.11516755411855752
redandblack_5g_dominant_u20_s151,redandblack,5g_dominant,20,151,0.802995674267165,0.9712499855339652,0.9488479629175524,0.11310871855068154,0.5500000053445943,RULE_COMPONENT,0.7239471406718615,0.0790485335953035,0.4077401853148808
redandblack_5g_dominant_u20_s152,redandblack,5g_dominant,20,152,0.5246506403296666,0.48999998085424723,0.9490401654906596,0.044062597036977784,0.29999999749843875,RULE_COMPONENT,0.6633292959037881,-0.1386786555741215,0.3758999868310542
redandblack_5g_dominant_u20_s153,redandblack,5g_dominant,20,153,0.7891711020142371,0.948749985801195,0.9474770518228403,0.11298768281459928,0.5500000053445943,RULE_COMPONENT,0.6920444734239106,0.0971266285903265,0.34545505938589793
redandblack_5g_dominant_u60_s151,redandblack,5g_dominant,60,151,0.7407056496436296,0.8520833175608158,0.9824172887478582,0.10765775386549557,0.0,CLUSTERING_COMPONENT,0.6824802472945284,0.05822540234910123,0.1607751031924648
redandblack_5g_dominant_u60_s152,redandblack,5g_dominant,60,152,0.7686686616591034,0.8974999889299526,0.9828587035702281,0.10364005060950113,0.29999999749843875,RULE_COMPONENT,0.6877385627446754,0.08093009891442804,0.14874553379726363
redandblack_5g_dominant_u60_s153,redandblack,5g_dominant,60,153,0.8062470318854724,0.955416661575262,0.9831304529882691,0.0852371887116797,0.5500000053445943,RULE_COMPONENT,0.6771299049962239,0.12911712688924848,0.14939714700476556
redandblack_5g_u100_s151,redandblack,5g,100,151,0.8026631527935327,0.9417499545820127,0.9895865874019187,0.06522311204103044,0.49999997997823714,CLUSTERING_COMPONENT,0.6490533215300772,0.1536098312634555,0.14686660713609181
redandblack_5g_u100_s152,redandblack,5g,100,152,0.7699933248167229,0.8837499889266209,0.9893625350517806,0.05064868201463202,0.29999999749843875,CLUSTERING_COMPONENT,0.6589372878203579,0.11105603699636502,0.15207536990623716
redandblack_5g_u100_s153,redandblack,5g,100,153,0.7572223084256245,0.8624999566784897,0.9892359590022696,0.050577702213577345,0.0,CLUSTERING_COMPONENT,0.6489871582475677,0.10823515017805685,0.14513796423554068
redandblack_5g_u20_s151,redandblack,5g,20,151,0.5308426196185977,0.49999997997823714,0.95,0.04438245578896331,0.49999997997823714,RULE_COMPONENT,0.7108544408665897,-0.18001182124799198,0.29968535071014346
redandblack_5g_u20_s152,redandblack,5g,20,152,0.5121023788774081,0.4699999826062674,0.9470163017205642,0.044344574109956444,0.29999999749843875,RULE_COMPONENT,0.7239660227292724,-0.2118636438518643,0.34514904112598105
redandblack_5g_u20_s153,redandblack,5g,20,153,0.5309048197797438,0.49999997997823714,0.95,0.04396778804798947,0.49999997997823714,RULE_COMPONENT,0.6908833596357282,-0.15997853985598443,0.2385696095444155
redandblack_5g_u60_s151,redandblack,5g,60,151,0.8149470867216159,0.9724999997136878,0.9831897585098456,0.09566901822705419,0.5500000053445943,CLUSTERING_COMPONENT,0.6827480534011461,0.13219903332046978,0.12223743374056828
redandblack_5g_u60_s152,redandblack,5g,60,152,0.7950206388125476,0.942916651347232,0.9829582030745807,0.109792685096245,0.5500000053445943,RULE_COMPONENT,0.6763184056995022,0.1187022331130454,0.13111071957457227
redandblack_5g_u60_s153,redandblack,5g,60,153,0.8231909355212477,0.9833333134274422,0.9831986103556285,0.08405803416083238,0.7499999921538446,CLUSTERING_COMPONENT,0.7010997940445713,0.12209114147667632,0.1297484351158103
redandblack_default_mix_u100_s151,redandblack,default_mix,100,151,0.7677465527952269,0.8909999695812088,0.9893462712417388,0.09459997842622078,0.29999999749843875,CLUSTERING_COMPONENT,0.656733658116929,0.11101289467829789,0.1026889561550612
redandblack_default_mix_u100_s152,redandblack,default_mix,100,152,0.7652961239196616,0.8854999796104542,0.9892286669914493,0.08874020396315511,0.29999999749843875,CLUSTERING_COMPONENT,0.6378992449107677,0.12739687900889396,0.11330094526207178
redandblack_default_mix_u100_s153,redandblack,default_mix,100,153,0.7690399094081359,0.890249959883519,0.9893165738287955,0.08292806652782882,0.29999999749843875,CLUSTERING_COMPONENT,0.6412654666384429,0.12777444276969308,0.10144757210017073
redandblack_default_mix_u20_s151,redandblack,default_mix,20,151,0.5246532032649189,0.48999998085424723,0.9490474623910005,0.04405767230253018,0.29999999749843875,RULE_COMPONENT,0.6920407254812844,-0.16738752221636544,0.31470398302090336
redandblack_default_mix_u20_s152,redandblack,default_mix,20,152,0.5154176291997015,0.4749999809793253,0.9483887686945681,0.0445303437435721,0.0,RULE_COMPONENT,0.6846678109533492,-0.1692501817536477,0.36272490397372714
redandblack_default_mix_u20_s153,redandblack,default_mix,20,153,0.7192137475906757,0.8349999692079059,0.9408032605618747,0.11324699383024261,0.29999999749843875,RULE_COMPONENT,0.650340930008934,0.06887281758174169,0.3770515659799983
redandblack_default_mix_u60_s151,redandblack,default_mix,60,151,0.760385266538412,0.8849999883933298,0.9826766990583434,0.10855934174781132,0.49999997997823714,CLUSTERING_COMPONENT,0.6908507572094954,0.06953450932891658,0.13584594424414492
redandblack_default_mix_u60_s152,redandblack,default_mix,60,152,0.778950047091397,0.9158333215766569,0.9831016818043252,0.10883577537118932,0.49999997997823714,CLUSTERING_COMPONENT,0.675475220300384,0.10347482679101305,0.13901914263253118
redandblack_default_mix_u60_s153,redandblack,default_mix,60,153,0.7785613448361518,0.9145833077577219,0.9828906035788608,0.10607527142131029,0.42499971067930387,CLUSTERING_COMPONENT,0.6948815630191917,0.08367978181696012,0.1413932782176568
redandblack_fiber_optic_u100_s151,redandblack,fiber_optic,100,151,0.7765091733188615,0.9042499658349834,0.9896255049556469,0.08964788280693511,0.29999999749843875,CLUSTERING_COMPONENT,0.6416178095625782,0.1348913637562833,0.10595170592026974
redandblack_fiber_optic_u100_s152,redandblack,fiber_optic,100,152,0.7943231879153336,0.9312499608460253,0.9896747701294489,0.07896987416429228,0.42499971067930387,CLUSTERING_COMPONENT,0.6243564221899476,0.16996676572538605,0.10810719213480946
redandblack_fiber_optic_u100_s153,redandblack,fiber_optic,100,153,0.7322089979426675,0.8259999627538269,0.9894220208400649,0.07164323279763313,0.0,CLUSTERING_COMPONENT,0.6456256726012695,0.08658332534139801,0.10577514415404192
redandblack_fiber_optic_u20_s151,redandblack,fiber_optic,20,151,0.5091834507811176,0.46499998185533536,0.9473684210526316,0.04439095730160957,0.0,CLUSTERING_COMPONENT,0.6949950783516317,-0.18581162757051406,0.36503763499131736
redandblack_fiber_optic_u20_s152,redandblack,fiber_optic,20,152,0.5120831471862486,0.4699999826062674,0.9470181139951888,0.04447580584206043,0.29999999749843875,RULE_COMPONENT,0.6921766629020492,-0.18009351571580057,0.3577610511259939
redandblack_fiber_optic_u20_s153,redandblack,fiber_optic,20,153,0.530803831798093,0.49999997997823714,0.95,0.04464104125899509,0.49999997997823714,RULE_COMPONENT,0.7377971924908518,-0.20699336069275887,0.3750256327329388
redandblack_fiber_optic_u60_s151,redandblack,fiber_optic,60,151,0.7928800814255318,0.939583318305902,0.983122327192312,0.11100327570724905,0.5500000053445943,CLUSTERING_COMPONENT,0.6773501719562475,0.11552990946928432,0.14236940092178912
redandblack_fiber_optic_u60_s152,redandblack,fiber_optic,60,152,0.7919861064407344,0.9366666463053747,0.983058532531234,0.10519009650199275,0.42499971067930387,RULE_COMPONENT,0.6830781548463984,0.10890795159433597,0.14439362324704091
redandblack_fiber_optic_u60_s153,redandblack,fiber_optic,60,153,0.7836174410539128,0.9241666458409094,0.9829731844025451,0.11083895034179325,0.5500000053445943,RULE_COMPONENT,0.6740587975407041,0.10955864351320876,0.13432841346582192
redandblack_wifi_dominant_u100_s151,redandblack,wifi_dominant,100,151,0.761994071657173,0.8767499549865885,0.9892532017055287,0.07579467840774837,0.0,CLUSTERING_COMPONENT,0.6613258165038172,0.10066825515335587,0.10811153599238693
redandblack_wifi_dominant_u100_s152,redandblack,wifi_dominant,100,152,0.7856008090196355,0.9184999880187021,0.9896002698517475,0.08599500836348416,0.29999999749843875,CLUSTERING_COMPONENT,0.6806727969816645,0.10492801203797097,0.10844507578154497
redandblack_wifi_dominant_u100_s153,redandblack,wifi_dominant,100,153,0.7857376260616182,0.9179999692172386,0.9895228069261672,0.08295371466844463,0.29999999749843875,CLUSTERING_COMPONENT,0.6688184260124117,0.11691920004920653,0.10881578269357187
redandblack_wifi_dominant_u20_s151,redandblack,wifi_dominant,20,151,0.7035141740496904,0.8087499518466111,0.9408018938703311,0.11290847017239304,0.0,RULE_COMPONENT,0.668526472952596,0.03498770109709437,0.31343780068373644
redandblack_wifi_dominant_u20_s152,redandblack,wifi_dominant,20,152,0.7377809090711718,0.8649999667963482,0.9426904863194672,0.11261128391002614,0.49999997997823714,CLUSTERING_COMPONENT,0.655723435909966,0.08205747316120582,0.33617918944832303
redandblack_wifi_dominant_u20_s153,redandblack,wifi_dominant,20,153,0.5183156118038654,0.4799999817302573,0.9480481204093006,0.044642715577427466,0.29999999749843875,RULE_COMPONENT,0.652671264333043,-0.13435565252917758,0.1957335373202257
redandblack_wifi_dominant_u60_s151,redandblack,wifi_dominant,60,151,0.7781506863791171,0.914583317449129,0.9828226514961846,0.10869977976270961,0.29999999749843875,CLUSTERING_COMPONENT,0.6778620402053038,0.10028864617381328,0.14284067337645084
redandblack_wifi_dominant_u60_s152,redandblack,wifi_dominant,60,152,0.7667775134444534,0.8966666366027397,0.9826436806773311,0.11255592457682131,0.0,CLUSTERING_COMPONENT,0.6798786753783297,0.08689883806612375,0.1247681987792628
redandblack_wifi_dominant_u60_s153,redandblack,wifi_dominant,60,153,0.7780218611996726,0.9120833179474324,0.9829823337728493,0.099824753413327,0.42499971067930387,CLUSTERING_COMPONENT,0.6912859906713448,0.08673587052832787,0.14823919332038835
redandblack_wifi_u100_s151,redandblack,wifi,100,151,0.7723822580225613,0.8962499783494426,0.9896729613579205,0.08523979551056218,0.0,CLUSTERING_COMPONENT,0.6605449838384854,0.11183727418407596,0.12146315440669059
redandblack_wifi_u100_s152,redandblack,wifi,100,152,0.7802195490255264,0.9112499541437216,0.9895913282874071,0.09285503688372274,0.49999997997823714,CLUSTERING_COMPONENT,0.6481510984140857,0.13206845061144068,0.11445027611167174
redandblack_wifi_u100_s153,redandblack,wifi,100,153,0.7619141724566124,0.8809999690941845,0.9895845315235491,0.09387961253856969,0.29999999749843875,CLUSTERING_COMPONENT,0.638494504153555,0.1234196683030574,0.11706934029756377
redandblack_wifi_u20_s151,redandblack,wifi,20,151,0.5308480876214668,0.49999997997823714,0.95,0.04434600243650246,0.49999997997823714,RULE_COMPONENT,0.7036908405420006,-0.17284275292053375,0.3222301252339379
redandblack_wifi_u20_s152,redandblack,wifi,20,152,0.5246061460561223,0.48999998085424723,0.9490441743464757,0.04436590695363336,0.29999999749843875,RULE_COMPONENT,0.6934631347234415,-0.16885698866731913,0.3606948870881049
redandblack_wifi_u20_s153,redandblack,wifi,20,153,0.5308482754601783,0.49999997997823714,0.95,0.044344750178425804,0.49999997997823714,RULE_COMPONENT,0.714949039001461,-0.18410076354128269,0.33451751918224537
redandblack_wifi_u60_s151,redandblack,wifi,60,151,0.7398860425209809,0.8462499932312052,0.9822770300805879,0.08955473958592684,0.0,CLUSTERING_COMPONENT,0.6998574415334978,0.040028600987483065,0.14597803692015898
redandblack_wifi_u60_s152,redandblack,wifi,60,152,0.7639974401548452,0.8908333108120041,0.9826995073248016,0.1078494877570508,0.5500000053445943,CLUSTERING_COMPONENT,0.6752854822747151,0.08871195788013009,0.14348530061521228
redandblack_wifi_u60_s153,redandblack,wifi,60,153,0.7539398469330779,0.8749999416961692,0.9825977099822829,0.11139697053462884,0.0,CLUSTERING_COMPONENT,0.6957775938062075,0.0581622531268704,0.15989381631960187
soldier_4g_u100_s151,soldier,4g,100,151,0.5171780366595331,0.46600000444498313,0.9892115739183945,0.064832396580369,0.29999999621134055,CLUSTERING_COMPONENT,0.5965448453989314,-0.07936680873939828,0.10710468882582955
soldier_4g_u100_s152,soldier,4g,100,152,0.5159300348688755,0.4640000043457826,0.9891582813875985,0.06506358723662432,0.29999999621134055,CLUSTERING_COMPONENT,0.579557633103436,-0.06362759823456055,0.10605756412625388
soldier_4g_u100_s153,soldier,4g,100,153,0.5171964462401851,0.46600000444498313,0.9894115239054931,0.0650429160211868,0.29999999621134055,CLUSTERING_COMPONENT,0.5696052094198738,-0.05240876317968868,0.11108107494849884
soldier_4g_u20_s151,soldier,4g,20,151,0.4076734547041726,0.29999999621134055,0.95,0.06551028681754484,0.29999999621134055,CLUSTERING_COMPONENT,0.5145192327508602,-0.1068457780466876,0.21069147226222518
soldier_4g_u20_s152,soldier,4g,20,152,0.39816280351133154,0.2849999964007735,0.9473684210526316,0.064528663948603,0.0,CLUSTERING_COMPONENT,0.5015862839247209,-0.10342348041338939,0.1835152776535059
soldier_4g_u20_s153,soldier,4g,20,153,0.3981541963554843,0.2849999964007735,0.9473684210526316,0.06458604498758447,0.0,CLUSTERING_COMPONENT,0.5273669946447087,-0.12921279828922438,0.17106899059562097
soldier_4g_u60_s151,soldier,4g,60,151,0.5149258926146558,0.46500000470652847,0.9823698962183853,0.06444389509238416,0.0,CLUSTERING_COMPONENT,0.6215896396551237,-0.10666374704046788,0.11549121086724938
soldier_4g_u60_s152,soldier,4g,60,152,0.5137792479432554,0.4633333376460491,0.9818003609462066,0.06447229920617133,0.29999999621134055,CLUSTERING_COMPONENT,0.6196548016922858,-0.10587555374903046,0.12916739520072046
soldier_4g_u60_s153,soldier,4g,60,153,0.5047068920004057,0.44833333721319085,0.9814779788452049,0.06441736692539983,0.0,CLUSTERING_COMPONENT,0.6114768798170245,-0.10676998781661873,0.1207049401793853
soldier_5g_dominant_u100_s151,soldier,5g_dominant,100,151,0.7567834089983668,0.8677499746041207,0.9893984857280074,0.07477464797404933,0.5000000061313918,RULE_COMPONENT,0.6337308196577791,0.12305258934058771,0.15755578741727455
soldier_5g_dominant_u100_s152,soldier,5g_dominant,100,152,0.796963878737639,0.9299999970284074,0.9897186950894035,0.056438621678374525,0.549999980807543,CLUSTERING_COMPONENT,0.6371430336322883,0.15982084510535066,0.15797717764205133
soldier_5g_dominant_u100_s153,soldier,5g_dominant,100,153,0.7958016798631695,0.9264999990478389,0.9897492233980983,0.05023750276705584,0.5000000061313918,CLUSTERING_COMPONENT,0.6334763042400201,0.16232537562314941,0.15542149311955522
soldier_5g_dominant_u20_s151,soldier,5g_dominant,20,151,0.4776607200119622,0.4200000021633713,0.9411687613620743,0.06420981084386071,0.29999999621134055,CLUSTERING_COMPONENT,0.6301311504211128,-0.1524704304091506,0.33540466586374595
soldier_5g_dominant_u20_s152,soldier,5g_dominant,20,152,0.490220547063151,0.44000000315537646,0.9436102394540928,0.06454676462398741,0.29999999621134055,RULE_COMPONENT,0.6533266495627733,-0.16310610249962232,0.32276499044528273
soldier_5g_dominant_u20_s153,soldier,5g_dominant,20,153,0.4902600358040337,0.44000000315537646,0.9436584679829213,0.06436388723281618,0.29999999621134055,RULE_COMPONENT,0.6302513321062184,-0.1399912963021847,0.3096894462125672
soldier_5g_dominant_u60_s151,soldier,5g_dominant,60,151,0.7651715322180757,0.8941666556857941,0.9826921723815767,0.11334336192529973,0.42499985683512853,CLUSTERING_COMPONENT,0.6900022675555136,0.07516926466256202,0.13176949699351742
soldier_5g_dominant_u60_s152,soldier,5g_dominant,60,152,0.775766746673204,0.910416659020704,0.9824551414467244,0.10731356067266334,0.0,CLUSTERING_COMPONENT,0.6601931133171092,0.11557363335609483,0.12812299983737763
soldier_5g_dominant_u60_s153,soldier,5g_dominant,60,153,0.7338800702348266,0.8416666301992125,0.9815125866702394,0.10998703034840468,0.29999999621134055,RULE_COMPONENT,0.6850444383601648,0.04883563187466178,0.12922751686489262
soldier_5g_u100_s151,soldier,5g,100,151,0.7649789941598041,0.8807499633361244,0.9893435205564352,0.07204575987319503,0.0,CLUSTERING_COMPONENT,0.6474022858218581,0.11757670833794598,0.1314423714202176
soldier_5g_u100_s152,soldier,5g,100,152,0.6851553959691994,0.7454998797131528,0.9893907121240522,0.06328139926470247,0.0,RULE_COMPONENT,0.6238401651935238,0.06131523077567558,0.12966504231503256
soldier_5g_u100_s153,soldier,5g,100,153,0.7436406095033091,0.8407499411505885,0.9892994097658082,0.05422805085664004,0.29999999621134055,CLUSTERING_COMPONENT,0.6373165671248888,0.1063240423784203,0.15328135125740303
soldier_5g_u20_s151,soldier,5g,20,151,0.5216177843935518,0.49000000563538926,0.9490486748916094,0.06429591807056145,0.29999999621134055,RULE_COMPONENT,0.7266964644446693,-0.2050786800511175,0.30162306441291836
soldier_5g_u20_s152,soldier,5g,20,152,0.5216159644873222,0.49000000563538926,0.9490424111006835,0.06429761112721505,0.29999999621134055,CLUSTERING_COMPONENT,0.6967518654854944,-0.17513590099817222,0.3139688920232264
soldier_5g_u20_s153,soldier,5g,20,153,0.5154421404565197,0.48000000513938673,0.9480612021447967,0.06382108775541026,0.29999999621134055,CLUSTERING_COMPONENT,0.6464291654006168,-0.13098702494409709,0.33469225616797904
soldier_5g_u60_s151,soldier,5g,60,151,0.7565115923487764,0.8887499905610803,0.9824971520781418,0.14908460004938157,0.0,RULE_COMPONENT,0.6963116604815593,0.06019993186721706,0.13474705023692563
soldier_5g_u60_s152,soldier,5g,60,152,0.7800390360667565,0.9170833180622917,0.9825306341813952,0.10562408877311497,0.0,CLUSTERING_COMPONENT,0.6889319062946877,0.0911071297720688,0.13347713475244466
soldier_5g_u60_s153,soldier,5g,60,153,0.7745163561571108,0.9049999863490024,0.9828319291059064,0.09461078619178172,0.549999980807543,RULE_COMPONENT,0.682241329193236,0.0922750269638748,0.12039453745811134
soldier_default_mix_u100_s151,soldier,default_mix,100,151,0.7767930327387869,0.89550000177464,0.989682187245956,0.052850100916573405,0.5000000061313918,CLUSTERING_COMPONENT,0.6482770909248511,0.12851594181393577,0.14868163775902168
soldier_default_mix_u100_s152,soldier,default_mix,100,152,0.7344188223025723,0.8282498908159723,0.9896610996604919,0.06630924734756044,0.42499985683512853,CLUSTERING_COMPONENT,0.6468159958973826,0.08760282640518968,0.14750713923550726
soldier_default_mix_u100_s153,soldier,default_mix,100,153,0.7542342443540745,0.8609999575089906,0.989136103917893,0.06433170753862011,0.42499985683512853,CLUSTERING_COMPONENT,0.6577041348205339,0.09653010953354058,0.1481679446057971
soldier_default_mix_u20_s151,soldier,default_mix,20,151,0.49028256296001155,0.44000000315537646,0.9436432433078633,0.06418833173453423,0.29999999621134055,CLUSTERING_COMPONENT,0.6211912902397707,-0.13090872727975916,0.1459645188238578
soldier_default_mix_u20_s152,soldier,default_mix,20,152,0.4902360085753596,0.44000000315537646,0.9436960249478307,0.06458666369882643,0.29999999621134055,RULE_COMPONENT,0.6318259847751215,-0.14158997619976194,0.13163587084302142
soldier_default_mix_u20_s153,soldier,default_mix,20,153,0.5598362332461051,0.5750000082875819,0.9288931711747819,0.11591376346759694,0.29999999621134055,RULE_COMPONENT,0.6264251254295905,-0.0665888921834854,0.14480623561310063
soldier_default_mix_u60_s151,soldier,default_mix,60,151,0.7979222957518114,0.9395833020809893,0.9830115832554727,0.07720387540433513,0.6249998667551798,CLUSTERING_COMPONENT,0.6805720961992257,0.11735019955258574,0.14668318156818366
soldier_default_mix_u60_s152,soldier,default_mix,60,152,0.7844185743446754,0.9187499805226061,0.9822068080205297,0.08255410649347111,0.42499985683512853,RULE_COMPONENT,0.674488130234596,0.10993044411007946,0.13883856994687038
soldier_default_mix_u60_s153,soldier,default_mix,60,153,0.8042224510276735,0.9487499885240405,0.9829119118526456,0.0717034669994139,0.549999980807543,CLUSTERING_COMPONENT,0.7071869488279016,0.09703550219977197,0.1420669578117201
soldier_fiber_optic_u100_s151,soldier,fiber_optic,100,151,0.7493666685120763,0.8449999900486296,0.9894832751131016,0.033360961969178454,0.29999999621134055,CLUSTERING_COMPONENT,0.6495722073669552,0.09979446114512114,0.1496885366631127
soldier_fiber_optic_u100_s152,soldier,fiber_optic,100,152,0.793170953686124,0.9222499388382579,0.9895144969512907,0.05038422569768941,0.42499985683512853,RULE_COMPONENT,0.6593762696725582,0.13379468401356576,0.14881407520264717
soldier_fiber_optic_u100_s153,soldier,fiber_optic,100,153,0.765899710211219,0.8772499387714527,0.9891509822323644,0.05158665739829112,0.42499985683512853,CLUSTERING_COMPONENT,0.6446559888596456,0.12124372135157346,0.15528161951342417
soldier_fiber_optic_u20_s151,soldier,fiber_optic,20,151,0.5121779375061559,0.47500000582482227,0.9473684210526316,0.06442780834596896,0.0,RULE_COMPONENT,0.6955514490185725,-0.18337351151241654,0.29832260559459667
soldier_fiber_optic_u20_s152,soldier,fiber_optic,20,152,0.5124218769813851,0.47500000582482227,0.9483835440278905,0.06449341680320524,0.0,CLUSTERING_COMPONENT,0.6826220123415498,-0.17020013536016476,0.3403795559287152
soldier_fiber_optic_u20_s153,soldier,fiber_optic,20,153,0.5215765990338562,0.49000000563538926,0.949044909713247,0.06456421183792645,0.29999999621134055,RULE_COMPONENT,0.7347813509128361,-0.21320475187897991,0.14348388333149986
soldier_fiber_optic_u60_s151,soldier,fiber_optic,60,151,0.8091009418647188,0.9654166606092813,0.9829395392290379,0.10589292872072906,0.5000000061313918,RULE_COMPONENT,0.7041215953767475,0.10497934648797136,0.13939570197834072
soldier_fiber_optic_u60_s152,soldier,fiber_optic,60,152,0.7821293399881956,0.9149999941809717,0.9827765553126702,0.08376530232369976,0.549999980807543,CLUSTERING_COMPONENT,0.6908830966712046,0.09124624331699094,0.14155228174371237
soldier_fiber_optic_u60_s153,soldier,fiber_optic,60,153,0.8064168545346607,0.9554166632686124,0.9830137727717853,0.08391057746301969,0.549999980807543,CLUSTERING_COMPONENT,0.6908256227477522,0.11559123178690855,0.13844735207965558
soldier_wifi_dominant_u100_s151,soldier,wifi_dominant,100,151,0.7996517510311093,0.9372499982782114,0.9897031727829433,0.0674936075436894,0.29999999621134055,CLUSTERING_COMPONENT,0.6512271097422616,0.1484246412888477,0.11010642082570331
soldier_wifi_dominant_u100_s152,soldier,wifi_dominant,100,152,0.7527884563669447,0.8607499813162574,0.989298553456844,0.07324113858013825,0.0,CLUSTERING_COMPONENT,0.6597451143555957,0.093043342011349,0.10794232982126954
soldier_wifi_dominant_u100_s153,soldier,wifi_dominant,100,153,0.7586630056536182,0.8687499843440671,0.9894081085047142,0.06626008052667101,0.29999999621134055,RULE_COMPONENT,0.6432266075660793,0.11543639808753892,0.11474538531165678
soldier_wifi_dominant_u20_s151,soldier,wifi_dominant,20,151,0.4839754831349321,0.4300000026593739,0.9424823959688023,0.06430078301928495,0.29999999621134055,RULE_COMPONENT,0.5785541530979295,-0.09457866996299735,0.14092120309171777
soldier_wifi_dominant_u20_s152,soldier,wifi_dominant,20,152,0.4744550871316241,0.41500000284880684,0.9404324999461456,0.06435359709464254,0.0,CLUSTERING_COMPONENT,0.6109342969660647,-0.13647920983444062,0.172331121365843
soldier_wifi_dominant_u20_s153,soldier,wifi_dominant,20,153,0.49021805298537385,0.44000000315537646,0.9436882201111432,0.06469335957091855,0.29999999621134055,CLUSTERING_COMPONENT,0.6416751915579123,-0.15145713857253845,0.2578760519719898
soldier_wifi_dominant_u60_s151,soldier,wifi_dominant,60,151,0.8092072947027249,0.9599999869106598,0.982858682498297,0.08338245378830209,0.549999980807543,CLUSTERING_COMPONENT,0.679234644623597,0.12997265007912795,0.13602431839550233
soldier_wifi_dominant_u60_s152,soldier,wifi_dominant,60,152,0.7649800076567654,0.8849999972947491,0.9826025697527433,0.07780422105513174,0.0,CLUSTERING_COMPONENT,0.6789403221333359,0.08603968552342955,0.14038355271346223
soldier_wifi_dominant_u60_s153,soldier,wifi_dominant,60,153,0.7561002115708728,0.8754166494348232,0.9822491419711857,0.09808042388545042,0.42499985683512853,RULE_COMPONENT,0.6732294035495469,0.08287080802132596,0.12679530173243875
soldier_wifi_u100_s151,soldier,wifi,100,151,0.7610909466117546,0.8702499400106144,0.9896428000950853,0.05646478278923511,0.0,RULE_COMPONENT,0.6390539838221676,0.12203696278958698,0.1473144434428377
soldier_wifi_u100_s152,soldier,wifi,100,152,0.7266304349773526,0.8097498833881019,0.9897415983953103,0.044365964362240704,0.29999999621134055,CLUSTERING_COMPONENT,0.6385456342869528,0.08808480069039981,0.1451893231380854
soldier_wifi_u100_s153,soldier,wifi,100,153,0.7351512190204221,0.8279998914564954,0.9896805632861246,0.060459044500041664,0.29999999621134055,CLUSTERING_COMPONENT,0.6783318636404772,0.05681935537994498,0.13944141552414696
soldier_wifi_u20_s151,soldier,wifi,20,151,0.5278236070075855,0.5000000061313918,0.95,0.06450931114166465,0.5000000061313918,RULE_COMPONENT,0.6741730188941607,-0.14634941188657524,0.3171528376572922
soldier_wifi_u20_s152,soldier,wifi,20,152,0.49960340049611585,0.4550000048328171,0.9452104361261264,0.06466140956737318,0.0,CLUSTERING_COMPONENT,0.674259291069145,-0.1746558905730291,0.29071043337121183
soldier_wifi_u20_s153,soldier,wifi,20,153,0.5124057442871788,0.47500000582482227,0.948388279777364,0.06460886101370303,0.0,RULE_COMPONENT,0.6853192641148991,-0.1729135198277203,0.30206580633742436
soldier_wifi_u60_s151,soldier,wifi,60,151,0.7269745013695351,0.8324999870998817,0.9816882198391919,0.11965030566794586,0.0,CLUSTERING_COMPONENT,0.6892752680643155,0.037699233305219626,0.1351523898217009
soldier_wifi_u60_s152,soldier,wifi,60,152,0.773933436208328,0.9058333224156051,0.9828909481045848,0.1019286284478756,0.29999999621134055,RULE_COMPONENT,0.6886877469689096,0.08524568923941844,0.1124222645404843
soldier_wifi_u60_s153,soldier,wifi,60,153,0.7990850539010603,0.9441666652932632,0.9830119778584078,0.08778626492999696,0.549999980807543,RULE_COMPONENT,0.6855497431292006,0.11353531077185974,0.1180757044482111
