strategy,source,content,network,users,seed,U_Rb0,U,Rq,Ro,Rb_matched_live_md2g,decoded_completion,bandwidth_mbps_shared,p99_delay_ms,n_ticks
MoQ Unicast,FROZEN_LIVE_COMMAND153,redandblack,4g,20,152,0.45449990983308103,0.3780686223195198,0.7574998497218017,0.0,0.5095419167570748,0.7574998497218017,342.417926,,
Clustering,FROZEN_LIVE_COMMAND153,redandblack,4g,20,153,0.6033493479921855,0.5891449896368349,0.6099998511493447,0.9493977492103146,0.09469572236900378,0.6099998511493447,9.239811,,
MD2G-Cast,FROZEN_LIVE_COMMAND153,redandblack,4g,20,151,0.465278617763478,0.4585778657807736,0.3799999904903581,0.9491144938770527,0.044671679884696266,0.3799999904903581,10.4607074,,
MoQ Unicast,FROZEN_LIVE_COMMAND153,redandblack,4g,20,153,0.413249933925963,0.3378007283595426,0.688749889876605,0.0,0.5029947037761358,0.688749889876605,325.82475293333334,,
Heuristic,FROZEN_LIVE_COMMAND153,redandblack,4g,60,151,0.5767975674610253,0.5702588368649626,0.5516666546133335,0.9831902987721005,0.043591537307084656,0.5516666546133335,19.575113333333334,,
Heuristic,FROZEN_LIVE_COMMAND153,redandblack,4g,20,151,0.4894274773333288,0.48284793994856173,0.4199999869863178,0.9497099405661528,0.043863582565113794,0.4199999869863178,17.3265746,,
MD2G-Cast,FROZEN_LIVE_COMMAND153,redandblack,4g,20,153,0.4773157247444265,0.4707075036251964,0.399999988738338,0.949262926005695,0.0440548074615338,0.399999988738338,10.4421904,,
Clustering,FROZEN_LIVE_COMMAND153,redandblack,4g,60,151,0.6654839799051578,0.6510233599925104,0.6995831966757791,0.9829362475987617,0.09640413275098299,0.6995831966757791,8.983400266666667,,
Heuristic,FROZEN_LIVE_COMMAND153,redandblack,4g,20,153,0.48941331159949397,0.48282410863055786,0.4199999869863178,0.9496532776308132,0.04392801979290755,0.4199999869863178,17.6220572,,
MD2G-Cast,FROZEN_LIVE_COMMAND153,redandblack,4g,60,151,0.7438335484756808,0.7269893437505931,0.8304166395308886,0.9823342590285906,0.11229469816725161,0.8304166395308886,12.3290604,,
MoQ Unicast,FROZEN_LIVE_COMMAND153,redandblack,4g,60,151,0.21649999110398613,0.14618576359238206,0.3608333185066436,0.0,0.4687615167440273,0.3608333185066436,160.1348152,,
Heuristic,FROZEN_LIVE_COMMAND153,redandblack,4g,60,152,0.5625726801275666,0.5559967265779526,0.5283333210522998,0.9822907499847471,0.04383969033075987,0.5283333210522998,21.2323452,,
Clustering,FROZEN_LIVE_COMMAND153,redandblack,4g,60,152,0.661471324419622,0.6469619117144441,0.693333181726042,0.9818856615359873,0.09672941803451955,0.693333181726042,13.3759996,,
MoQ Unicast,FROZEN_LIVE_COMMAND153,redandblack,4g,20,151,0.42299992505555006,0.34837467335971145,0.7049998750925834,0.0,0.4975016779722573,0.7049998750925834,352.0643409333333,,
MD2G-Cast,FROZEN_LIVE_COMMAND153,redandblack,4g,60,152,0.7568844570023885,0.7400571404381421,0.8520833072020166,0.9825378907247144,0.11218211042830957,0.8520833072020166,12.455335533333333,,
Clustering,FROZEN_LIVE_COMMAND153,redandblack,4g,20,152,0.5628289188974311,0.5485457368066495,0.5424998519510338,0.9493160309072437,0.09522121393854432,0.5424998519510338,9.9138144,,
Heuristic,FROZEN_LIVE_COMMAND153,redandblack,4g,20,152,0.46536768710462995,0.45886051134101236,0.3799999904903581,0.9494707712416605,0.043381171757450744,0.3799999904903581,17.3803196,,
MD2G-Cast,FROZEN_LIVE_COMMAND153,redandblack,4g,20,152,0.49543100668118445,0.4887333961900485,0.4299999861103077,0.9497240600599993,0.04465073660757293,0.4299999861103077,10.281529733333333,,
MoQ Unicast,FROZEN_LIVE_COMMAND153,redandblack,4g,60,152,0.21074998821077917,0.14470670298990246,0.3512499803512986,0.0,0.440288568139178,0.3512499803512986,195.85559126666666,,
Clustering,FROZEN_LIVE_COMMAND153,redandblack,4g,20,151,0.6169336734585513,0.6028048248228745,0.632499850882115,0.9497350517171291,0.0941923242378457,0.632499850882115,9.727029,,
MD2G-Cast,FROZEN_LIVE_COMMAND153,redandblack,4g,60,153,0.7605480190835006,0.7448764879159036,0.8583332832418104,0.9821921965536575,0.104476874450647,0.8583332832418104,12.1525694,,
Heuristic,FROZEN_LIVE_COMMAND153,redandblack,4g,60,153,0.5885605912807588,0.5819943449856184,0.5716666528613134,0.9822423982558829,0.04377497530093578,0.5716666528613134,15.391829,,
Clustering,FROZEN_LIVE_COMMAND153,redandblack,4g,60,153,0.684136166871177,0.6698146565167539,0.7316665248724873,0.9805450077907382,0.09547673569615363,0.7316665248724873,9.5805984,,
MoQ Unicast,FROZEN_LIVE_COMMAND153,redandblack,4g,60,153,0.1969999976913633,0.12906271162229266,0.3283333294856055,0.0,0.452915240460471,0.3283333294856055,217.71430466666666,,
MD2G-Cast,FROZEN_LIVE_COMMAND153,redandblack,4g,100,151,0.7678349389771875,0.7533760430955636,0.8674999628234351,0.9893398451325056,0.09639263921082539,0.8674999628234351,11.199093,,
Heuristic,FROZEN_LIVE_COMMAND153,redandblack,4g,100,151,0.5030632387037762,0.496577860394741,0.42599998646071174,0.9898529873093967,0.04323585539356822,0.42599998646071174,7.1819644,,
Clustering,FROZEN_LIVE_COMMAND153,redandblack,4g,100,151,0.6565019943780952,0.6426230616154872,0.68174998889951,0.989808004153557,0.09252621841738629,0.68174998889951,7.314172933333333,,
MoQ Unicast,FROZEN_LIVE_COMMAND153,redandblack,4g,100,151,0.176399998529082,0.12056708816029016,0.29399999754847,0.0,0.3722194024586123,0.29399999754847,297.13412493333334,,
MD2G-Cast,FROZEN_LIVE_COMMAND153,redandblack,4g,100,152,0.7811070345216882,0.7682072394549289,0.8894999744185896,0.9896281994821378,0.08599863377839577,0.8894999744185896,9.179546733333334,,
Heuristic,FROZEN_LIVE_COMMAND153,redandblack,4g,100,152,0.5042059428863882,0.49769633051828455,0.4279999862855097,0.9896238044603296,0.043397415787357715,0.4279999862855097,7.3568092,,
Clustering,FROZEN_LIVE_COMMAND153,redandblack,4g,100,152,0.6511976831239016,0.6368651052878268,0.6729999918461629,0.9895907520648155,0.09555051890716507,0.6729999918461629,8.456093466666667,,
MoQ Unicast,FROZEN_LIVE_COMMAND153,redandblack,4g,100,152,0.176399998529082,0.11114062151905767,0.29399999754847,0.0,0.4350625134001623,0.29399999754847,266.93415093333334,,
MD2G-Cast,FROZEN_LIVE_COMMAND153,redandblack,4g,100,153,0.7686928693462545,0.7557486921621411,0.8689999692153074,0.9891715512682799,0.08629451456075576,0.8689999692153074,9.3355994,,
Heuristic,FROZEN_LIVE_COMMAND153,redandblack,4g,100,153,0.4945717932445453,0.4879540937690333,0.41199998768712587,0.9894872025290792,0.04411799650341341,0.41199998768712587,7.393322666666666,,
Clustering,FROZEN_LIVE_COMMAND153,redandblack,4g,100,153,0.6407669887507743,0.6292901124297113,0.655499991913175,0.9898679744114772,0.07651250880708654,0.655499991913175,7.330696666666666,,
MoQ Unicast,FROZEN_LIVE_COMMAND153,redandblack,4g,100,153,0.17459999854409136,0.14476952942413268,0.2909999975734856,0.0,0.19886979413305778,0.2909999975734856,259.8513018,,
MD2G-Cast,FROZEN_LIVE_COMMAND153,redandblack,wifi,20,151,0.5374999879869422,0.5308480876214668,0.49999997997823714,0.95,0.04434600243650246,0.49999997997823714,53.2799888,,
Heuristic,FROZEN_LIVE_COMMAND153,redandblack,wifi,20,151,0.6586126767843703,0.6473581633224073,0.7024999912035136,0.9484507282490486,0.07503008974642009,0.7024999912035136,53.980584066666665,,
Clustering,FROZEN_LIVE_COMMAND153,redandblack,wifi,20,151,0.6922246985798539,0.6782258720440533,0.7587499207162908,0.9478989846003179,0.09332551023867096,0.7587499207162908,74.50857713333333,,
MoQ Unicast,FROZEN_LIVE_COMMAND153,redandblack,wifi,20,151,0.3764999925304988,0.3222301252339379,0.6274999875508314,0.0,0.361799115310406,0.6274999875508314,436.11354793333334,,
MD2G-Cast,FROZEN_LIVE_COMMAND153,redandblack,wifi,20,152,0.5312610320991673,0.5246061460561223,0.48999998085424723,0.9490441743464757,0.04436590695363336,0.48999998085424723,53.33300873333334,,
Heuristic,FROZEN_LIVE_COMMAND153,redandblack,wifi,20,152,0.6143001431881738,0.603116492388299,0.6299999912542706,0.945200593742446,0.07455767199916533,0.6299999912542706,54.92865426666667,,
Clustering,FROZEN_LIVE_COMMAND153,redandblack,wifi,20,152,0.6637450389237447,0.6496794860056535,0.7124999068927199,0.9449803791524511,0.09377035278727437,0.7124999068927199,80.94674053333334,,
MoQ Unicast,FROZEN_LIVE_COMMAND153,redandblack,wifi,20,152,0.41324995163026296,0.3606948870881049,0.6887499193837716,0.0,0.3503670969477206,0.6887499193837716,830.5761126,,
MD2G-Cast,FROZEN_LIVE_COMMAND153,redandblack,wifi,20,153,0.5374999879869422,0.5308482754601783,0.49999997997823714,0.95,0.044344750178425804,0.49999997997823714,53.320147133333336,,
Heuristic,FROZEN_LIVE_COMMAND153,redandblack,wifi,20,153,0.6324580459473386,0.6212220124567682,0.6599999932227635,0.9458322000547218,0.0749068899371356,0.6599999932227635,54.35597573333333,,
Clustering,FROZEN_LIVE_COMMAND153,redandblack,wifi,20,153,0.6470520969078329,0.6329872902705703,0.6862499207670478,0.9412085777904172,0.0937653775817508,0.6862499207670478,81.7155256,,
MoQ Unicast,FROZEN_LIVE_COMMAND153,redandblack,wifi,20,153,0.4049999931006974,0.33451751918224537,0.6749999885011624,0.0,0.4698831594563467,0.6749999885011624,472.4198088,,
MD2G-Cast,FROZEN_LIVE_COMMAND153,redandblack,wifi,60,151,0.75331925345887,0.7398860425209809,0.8462499932312052,0.9822770300805879,0.08955473958592684,0.8462499932312052,19.047536666666666,,
Heuristic,FROZEN_LIVE_COMMAND153,redandblack,wifi,60,151,0.5785650499760091,0.5720751594656402,0.5549999861224891,0.9822602332100626,0.0432659367357922,0.5549999861224891,24.843847266666668,,
Clustering,FROZEN_LIVE_COMMAND153,redandblack,wifi,60,151,0.7141749752340472,0.6998574415334978,0.7808331814440568,0.9827002654704524,0.09545022467032914,0.7808331814440568,22.80205,,
MoQ Unicast,FROZEN_LIVE_COMMAND153,redandblack,wifi,60,151,0.21699999144423873,0.14597803692015898,0.3616666524070646,0.0,0.4734796968271983,0.3616666524070646,281.1746366,,
MD2G-Cast,FROZEN_LIVE_COMMAND153,redandblack,wifi,60,152,0.7801748633184028,0.7639974401548452,0.8908333108120041,0.9826995073248016,0.1078494877570508,0.8908333108120041,21.1872426,,
Heuristic,FROZEN_LIVE_COMMAND153,redandblack,wifi,60,152,0.589632621247007,0.5831577011857183,0.573333318985666,0.9825305194224297,0.04316613374192471,0.573333318985666,27.746455466666667,,
Clustering,FROZEN_LIVE_COMMAND153,redandblack,wifi,60,152,0.6895361194250789,0.6752854822747151,0.7399998683752388,0.9821447935997425,0.09500424766909196,0.7399998683752388,27.220712666666667,,
MoQ Unicast,FROZEN_LIVE_COMMAND153,redandblack,wifi,60,152,0.21274998939861153,0.14348530061521228,0.3545833156643526,0.0,0.4617645918893284,0.3545833156643526,231.01260193333334,,
MD2G-Cast,FROZEN_LIVE_COMMAND153,redandblack,wifi,60,153,0.7706493925132722,0.7539398469330779,0.8749999416961692,0.9825977099822829,0.11139697053462884,0.8749999416961692,24.440139733333332,,
Heuristic,FROZEN_LIVE_COMMAND153,redandblack,wifi,60,153,0.5871469514502297,0.5806241563235774,0.5691666536482469,0.982587837045126,0.04348530084434846,0.5691666536482469,23.791568533333333,,
Clustering,FROZEN_LIVE_COMMAND153,redandblack,wifi,60,153,0.7100003591196947,0.6957775938062075,0.7741665251249614,0.9820017761788714,0.09481843542324836,0.7741665251249614,23.906308466666665,,
MoQ Unicast,FROZEN_LIVE_COMMAND153,redandblack,wifi,60,153,0.2282499890630717,0.15989381631960187,0.38041664843845285,0.0,0.4557078182897989,0.38041664843845285,289.1847622,,
MD2G-Cast,FROZEN_LIVE_COMMAND153,redandblack,wifi,100,151,0.7851682273491457,0.7723822580225613,0.8962499783494426,0.9896729613579205,0.08523979551056218,0.8962499783494426,18.3001054,,
Heuristic,FROZEN_LIVE_COMMAND153,redandblack,wifi,100,151,0.5015954817670154,0.4950545679856075,0.4239999861603389,0.9887819602832482,0.04360609187605294,0.4239999861603389,10.8342512,,
Clustering,FROZEN_LIVE_COMMAND153,redandblack,wifi,100,151,0.6746321826411033,0.6605449838384854,0.711999985535441,0.9897287652793546,0.09391465868411886,0.711999985535441,17.165119866666668,,
MoQ Unicast,FROZEN_LIVE_COMMAND153,redandblack,wifi,100,151,0.176399998529082,0.12146315440669059,0.29399999754847,0.0,0.36624562748260947,0.29399999754847,307.2579561333333,,
MD2G-Cast,FROZEN_LIVE_COMMAND153,redandblack,wifi,100,152,0.7941478045580848,0.7802195490255264,0.9112499541437216,0.9895913282874071,0.09285503688372274,0.9112499541437216,14.2758888,,
Heuristic,FROZEN_LIVE_COMMAND153,redandblack,wifi,100,152,0.4962720302870034,0.4897719477630452,0.4149999871865354,0.9890881519003287,0.043333883493054434,0.4149999871865354,8.985417533333333,,
Clustering,FROZEN_LIVE_COMMAND153,redandblack,wifi,100,152,0.662129935188721,0.6481510984140857,0.6912499832314375,0.9895197809994339,0.09319224516423506,0.6912499832314375,10.760571533333334,,
MoQ Unicast,FROZEN_LIVE_COMMAND153,redandblack,wifi,100,152,0.176399998529082,0.11445027611167174,0.29399999754847,0.0,0.4129981494494017,0.29399999754847,250.6666344,,
MD2G-Cast,FROZEN_LIVE_COMMAND153,redandblack,wifi,100,153,0.7759961143373979,0.7619141724566124,0.8809999690941845,0.9895845315235491,0.09387961253856969,0.8809999690941845,16.723834,,
Heuristic,FROZEN_LIVE_COMMAND153,redandblack,wifi,100,153,0.512838909705004,0.5062895246359915,0.44249998716281785,0.989355669629253,0.043662567126749645,0.44249998716281785,24.8799876,,
Clustering,FROZEN_LIVE_COMMAND153,redandblack,wifi,100,153,0.6528138271764387,0.638494504153555,0.6757499894251161,0.9894553340854759,0.09546215348589127,0.6757499894251161,14.7984818,,
MoQ Unicast,FROZEN_LIVE_COMMAND153,redandblack,wifi,100,153,0.17459999854409136,0.11706934029756377,0.2909999975734856,0.0,0.38353772164351724,0.2909999975734856,309.6244203333333,,
MD2G-Cast,FROZEN_LIVE_COMMAND153,redandblack,fiber_optic,20,151,0.5158420943763591,0.5091834507811176,0.46499998185533536,0.9473684210526316,0.04439095730160957,0.46499998185533536,53.37306133333333,,
Heuristic,FROZEN_LIVE_COMMAND153,redandblack,fiber_optic,20,151,0.67375061179241,0.6625428490828175,0.7274999924210743,0.9490024653590617,0.07471841806395012,0.7274999924210743,54.979929,,
Clustering,FROZEN_LIVE_COMMAND153,redandblack,fiber_optic,20,151,0.7091443196254862,0.6949950783516317,0.7874998768174105,0.9465775741401596,0.0943282751590299,0.7874998768174105,74.4828272,,
MoQ Unicast,FROZEN_LIVE_COMMAND153,redandblack,fiber_optic,20,151,0.4379999431007357,0.36503763499131736,0.7299999051678928,0.0,0.4864153873961225,0.7299999051678928,487.3673798666667,,
MD2G-Cast,FROZEN_LIVE_COMMAND153,redandblack,fiber_optic,20,152,0.5187545180625577,0.5120831471862486,0.4699999826062674,0.9470181139951888,0.04447580584206043,0.4699999826062674,53.3080918,,
Heuristic,FROZEN_LIVE_COMMAND153,redandblack,fiber_optic,20,152,0.6157048894448462,0.6044353363746644,0.6324999927390611,0.9448195752056383,0.07513035380121247,0.6324999927390611,54.3484848,,
Clustering,FROZEN_LIVE_COMMAND153,redandblack,fiber_optic,20,152,0.6994568235196914,0.6854407768899073,0.7712498920343773,0.9468275531962603,0.09344031086522714,0.7712498920343773,70.84974266666667,,
MoQ Unicast,FROZEN_LIVE_COMMAND153,redandblack,fiber_optic,20,152,0.42749994134336966,0.3577610511259939,0.7124999022389494,0.0,0.46492593478250543,0.7124999022389494,459.6266886,,
MD2G-Cast,FROZEN_LIVE_COMMAND153,redandblack,fiber_optic,20,153,0.5374999879869422,0.530803831798093,0.49999997997823714,0.95,0.04464104125899509,0.49999997997823714,53.5633192,,
Heuristic,FROZEN_LIVE_COMMAND153,redandblack,fiber_optic,20,153,0.6874999952923068,0.6762714041341953,0.7499999921538446,0.95,0.07485727438740984,0.7499999921538446,54.549751666666666,,
Clustering,FROZEN_LIVE_COMMAND153,redandblack,fiber_optic,20,153,0.6585412063591112,0.6444790998333585,0.7049999070348715,0.9421650485527535,0.09374737683835113,0.7049999070348715,73.97358573333334,,
MoQ Unicast,FROZEN_LIVE_COMMAND153,redandblack,fiber_optic,20,153,0.44774993410043923,0.3750256327329388,0.7462498901673987,0.0,0.4848286757833362,0.7462498901673987,471.3918934,,
MD2G-Cast,FROZEN_LIVE_COMMAND153,redandblack,fiber_optic,60,151,0.8095305727816191,0.7928800814255318,0.939583318305902,0.983122327192312,0.11100327570724905,0.939583318305902,26.6038462,,
Heuristic,FROZEN_LIVE_COMMAND153,redandblack,fiber_optic,60,151,0.5840364058408537,0.5776188736827716,0.5641666529503899,0.982145656282479,0.04278354772054728,0.5641666529503899,34.112415133333336,,
Clustering,FROZEN_LIVE_COMMAND153,redandblack,fiber_optic,60,151,0.6915271014996579,0.6773501719562475,0.7433331916530042,0.9821087460314217,0.09451286362273605,0.7433331916530042,24.4622682,,
MoQ Unicast,FROZEN_LIVE_COMMAND153,redandblack,fiber_optic,60,151,0.21224998910165344,0.14236940092178912,0.3537499818360891,0.0,0.4658705878657622,0.3537499818360891,222.3696308,,
MD2G-Cast,FROZEN_LIVE_COMMAND153,redandblack,fiber_optic,60,152,0.8077646209160333,0.7919861064407344,0.9366666463053747,0.983058532531234,0.10519009650199275,0.9366666463053747,22.355894533333334,,
Heuristic,FROZEN_LIVE_COMMAND153,redandblack,fiber_optic,60,152,0.5793926636651731,0.5729470411631868,0.5566666530394665,0.9815706873659726,0.04297081667990791,0.5566666530394665,15.167295533333334,,
Clustering,FROZEN_LIVE_COMMAND153,redandblack,fiber_optic,60,152,0.6811141325074176,0.6669751380932698,0.7262498640176925,0.9814568563872084,0.09425996276098506,0.7262498640176925,22.871078066666666,,
MoQ Unicast,FROZEN_LIVE_COMMAND153,redandblack,fiber_optic,60,152,0.21349999794973964,0.14439362324704091,0.35583332991623273,0.0,0.46070916468465833,0.35583332991623273,204.572569,,
MD2G-Cast,FROZEN_LIVE_COMMAND153,redandblack,fiber_optic,60,153,0.8002432836051818,0.7836174410539128,0.9241666458409094,0.9829731844025451,0.11083895034179325,0.9241666458409094,21.721324666666668,,
Heuristic,FROZEN_LIVE_COMMAND153,redandblack,fiber_optic,60,153,0.5679162206648558,0.5614198241443927,0.5374999863480262,0.9816649154241603,0.04330931013642037,0.5374999863480262,14.001587266666666,,
Clustering,FROZEN_LIVE_COMMAND153,redandblack,fiber_optic,60,153,0.6792240209234726,0.6652568301251086,0.7229165204732483,0.9818964345580946,0.09311460532242646,0.7229165204732483,22.8749228,,
MoQ Unicast,FROZEN_LIVE_COMMAND153,redandblack,fiber_optic,60,153,0.20324998920854534,0.13432841346582192,0.3387499820142422,0.0,0.45947717161815604,0.3387499820142422,210.4418286,,
MD2G-Cast,FROZEN_LIVE_COMMAND153,redandblack,fiber_optic,100,151,0.7899563557399017,0.7765091733188615,0.9042499658349834,0.9896255049556469,0.08964788280693511,0.9042499658349834,18.599425866666667,,
Heuristic,FROZEN_LIVE_COMMAND153,redandblack,fiber_optic,100,151,0.4980297780183157,0.4915308098655356,0.4179999871615198,0.9889191428856156,0.043326454351867445,0.4179999871615198,9.347253066666667,,
Clustering,FROZEN_LIVE_COMMAND153,redandblack,fiber_optic,100,151,0.6557184711264237,0.6416178095625782,0.6804999922114311,0.9896739031982603,0.09400441042563626,0.6804999922114311,17.634714133333333,,
MoQ Unicast,FROZEN_LIVE_COMMAND153,redandblack,fiber_optic,100,151,0.17459999854409136,0.10595170592026974,0.2909999975734856,0.0,0.45765528415881085,0.2909999975734856,293.65737966666666,,
MD2G-Cast,FROZEN_LIVE_COMMAND153,redandblack,fiber_optic,100,152,0.8061686690399774,0.7943231879153336,0.9312499608460253,0.9896747701294489,0.07896987416429228,0.9312499608460253,18.7643696,,
Heuristic,FROZEN_LIVE_COMMAND153,redandblack,fiber_optic,100,152,0.517018796934574,0.5104914098501233,0.4499999870843563,0.9880752187358407,0.04351591389633789,0.4499999870843563,9.961622466666666,,
Clustering,FROZEN_LIVE_COMMAND153,redandblack,fiber_optic,100,152,0.6380921734117218,0.6243564221899476,0.6512499898675478,0.9893687179647724,0.09157167481182747,0.6512499898675478,17.181359933333333,,
MoQ Unicast,FROZEN_LIVE_COMMAND153,redandblack,fiber_optic,100,152,0.176399998529082,0.10810719213480946,0.29399999754847,0.0,0.455285375961817,0.29399999754847,270.2206397333333,,
MD2G-Cast,FROZEN_LIVE_COMMAND153,redandblack,fiber_optic,100,153,0.7429554828623124,0.7322089979426675,0.8259999627538269,0.9894220208400649,0.07164323279763313,0.8259999627538269,14.969647666666667,,
Heuristic,FROZEN_LIVE_COMMAND153,redandblack,fiber_optic,100,153,0.5035454285452716,0.4969623726300828,0.4269999861353233,0.9893817474563109,0.043887039434592025,0.4269999861353233,22.809875866666665,,
Clustering,FROZEN_LIVE_COMMAND153,redandblack,fiber_optic,100,153,0.6594847082426518,0.6456256726012695,0.6867499832848835,0.9897388730868872,0.09239357094254941,0.6867499832848835,27.5738708,,
MoQ Unicast,FROZEN_LIVE_COMMAND153,redandblack,fiber_optic,100,153,0.176399998529082,0.10577514415404192,0.29399999754847,0.0,0.4708323625002672,0.29399999754847,308.8401530666667,,
MCG,OFFLINE_TRACE_REPLAY,redandblack,4g,100,151,0.42999999849906323,0.41554110261743943,0.29999999749843875,1.0,0.09639263921082539,0.0,0.0,0.0,84
MCG,OFFLINE_TRACE_REPLAY,redandblack,4g,100,152,0.42999999849906323,0.41710020343230386,0.29999999749843875,1.0,0.08599863377839577,0.0,0.0,0.0,83
MCG,OFFLINE_TRACE_REPLAY,redandblack,4g,100,153,0.42999999849906323,0.4170558213149499,0.29999999749843875,1.0,0.08629451456075576,0.0,0.0,0.0,84
MCG,OFFLINE_TRACE_REPLAY,redandblack,4g,20,153,0.42999999849906323,0.42339177737983313,0.29999999749843875,1.0,0.0440548074615338,0.0,0.0,0.0,89
MCG,OFFLINE_TRACE_REPLAY,redandblack,4g,60,153,0.42999999849906323,0.41432846733146617,0.29999999749843875,1.0,0.104476874450647,0.0,0.0,0.0,85
MCG,OFFLINE_TRACE_REPLAY,redandblack,fiber_optic,100,151,0.42999999849906323,0.41655281607802297,0.29999999749843875,1.0,0.08964788280693511,0.0,0.0,0.0,82
MCG,OFFLINE_TRACE_REPLAY,redandblack,fiber_optic,100,152,0.42999999849906323,0.4181545173744194,0.29999999749843875,1.0,0.07896987416429228,0.0,0.0,0.0,84
MCG,OFFLINE_TRACE_REPLAY,redandblack,fiber_optic,100,153,0.42999999849906323,0.41925351357941826,0.29999999749843875,1.0,0.07164323279763313,0.0,0.0,0.0,82
MCG,OFFLINE_TRACE_REPLAY,redandblack,fiber_optic,20,151,0.42999999849906323,0.4233413549038218,0.29999999749843875,1.0,0.04439095730160957,0.0,0.0,0.0,89
MCG,OFFLINE_TRACE_REPLAY,redandblack,fiber_optic,20,152,0.42999999849906323,0.42332862762275414,0.29999999749843875,1.0,0.04447580584206043,0.0,0.0,0.0,89
MCG,OFFLINE_TRACE_REPLAY,redandblack,fiber_optic,20,153,0.42999999849906323,0.42330384231021395,0.29999999749843875,1.0,0.04464104125899509,0.0,0.0,0.0,89
MCG,OFFLINE_TRACE_REPLAY,redandblack,fiber_optic,60,151,0.42999999849906323,0.41334950714297586,0.29999999749843875,1.0,0.11100327570724905,0.0,0.0,0.0,87
MCG,OFFLINE_TRACE_REPLAY,redandblack,fiber_optic,60,152,0.42999999849906323,0.4142214840237643,0.29999999749843875,1.0,0.10519009650199275,0.0,0.0,0.0,86
MCG,OFFLINE_TRACE_REPLAY,redandblack,fiber_optic,60,153,0.42999999849906323,0.41337415594779425,0.29999999749843875,1.0,0.11083895034179325,0.0,0.0,0.0,87
MCG,OFFLINE_TRACE_REPLAY,redandblack,wifi,100,151,0.42999999849906323,0.4172140291724789,0.29999999749843875,1.0,0.08523979551056218,0.0,0.0,0.0,83
MCG,OFFLINE_TRACE_REPLAY,redandblack,wifi,100,152,0.42999999849906323,0.41607174296650484,0.29999999749843875,1.0,0.09285503688372274,0.0,0.0,0.0,86
MCG,OFFLINE_TRACE_REPLAY,redandblack,wifi,100,153,0.42999999849906323,0.4159180566182778,0.29999999749843875,1.0,0.09387961253856969,0.0,0.0,0.0,82
MCG,OFFLINE_TRACE_REPLAY,redandblack,wifi,20,151,0.42999999849906323,0.42334809813358787,0.29999999749843875,1.0,0.04434600243650246,0.0,0.0,0.0,89
MCG,OFFLINE_TRACE_REPLAY,redandblack,wifi,20,152,0.42999999849906323,0.42334511245601825,0.29999999749843875,1.0,0.04436590695363336,0.0,0.0,0.0,89
MCG,OFFLINE_TRACE_REPLAY,redandblack,wifi,20,153,0.42999999849906323,0.42334828597229934,0.29999999749843875,1.0,0.044344750178425804,0.0,0.0,0.0,89
MCG,OFFLINE_TRACE_REPLAY,redandblack,wifi,60,151,0.42999999849906323,0.4165667875611742,0.29999999749843875,1.0,0.08955473958592684,0.0,0.0,0.0,85
MCG,OFFLINE_TRACE_REPLAY,redandblack,wifi,60,152,0.42999999849906323,0.4138225753355056,0.29999999749843875,1.0,0.1078494877570508,0.0,0.0,0.0,87
MCG,OFFLINE_TRACE_REPLAY,redandblack,wifi,60,153,0.42999999849906323,0.4132904529188689,0.29999999749843875,1.0,0.11139697053462884,0.0,0.0,0.0,86
Rolling,CAST_COMMAND82_HANDBOOK,redandblack,4g,20,handbook_mean,,0.02,,,,,,,
Rolling,CAST_COMMAND82_HANDBOOK,redandblack,4g,60,handbook_mean,,0.0,,,,,,,
Rolling,CAST_COMMAND82_HANDBOOK,redandblack,4g,100,handbook_mean,,0.0,,,,,,,
Rolling,CAST_COMMAND82_HANDBOOK,redandblack,wifi,20,handbook_mean,,0.001,,,,,,,
Rolling,CAST_COMMAND82_HANDBOOK,redandblack,wifi,60,handbook_mean,,0.044,,,,,,,
Rolling,CAST_COMMAND82_HANDBOOK,redandblack,wifi,100,handbook_mean,,0.02,,,,,,,
Rolling,CAST_COMMAND82_HANDBOOK,redandblack,fiber_optic,20,handbook_mean,,0.0,,,,,,,
Rolling,CAST_COMMAND82_HANDBOOK,redandblack,fiber_optic,60,handbook_mean,,0.038,,,,,,,
Rolling,CAST_COMMAND82_HANDBOOK,redandblack,fiber_optic,100,handbook_mean,,0.04,,,,,,,
